code,candidate,woman,parent
air12,2,Man,Non-parent
air13,2,Man,Non-parent
air14,2,Woman,Parent
air16,2,Man,Non-parent
air19,2,Woman,Non-parent
air37,2,Man,Non-parent
air4,2,Man,Parent
air50,2,Man,Non-parent
air55,2,Woman,Parent
air84,2,Man,Parent
air85,2,Man,Non-parent
air90,2,Man,Parent
alaska100,2,Woman,Parent
alaska12,2,Man,Parent
alaska15,2,Man,Non-parent
alaska20,2,Woman,Non-parent
alaska31,2,Man,Non-parent
alaska45,2,Woman,Non-parent
alaska47,2,Woman,Parent
alaska50,2,Man,Non-parent
alaska6,2,Man,Parent
alaska64,2,Woman,Non-parent
alaska72,2,Woman,Non-parent
alaska82,2,Man,Non-parent
alaska91,2,Woman,Non-parent
alaska95,2,Man,Parent
beach10,2,Man,Parent
beach20,2,Woman,Parent
beach30,2,Woman,Non-parent
beach33,2,Woman,Non-parent
beach53,2,Man,Parent
beach71,2,Woman,Parent
beach79,2,Man,Non-parent
beach81,2,Man,Parent
beach88,2,Man,Parent
beach89,2,Woman,Non-parent
bike1,2,Man,Non-parent
bike11,2,Woman,Non-parent
bike17,2,Man,Non-parent
bike44,2,Woman,Non-parent
bike56,2,Woman,Parent
bike58,2,Woman,Parent
bike69,2,Man,Non-parent
bike90,2,Woman,Non-parent
blue15,2,Woman,Parent
blue23,2,Man,Non-parent
blue27,2,Man,Non-parent
blue4,2,Man,Non-parent
blue55,2,Woman,Parent
blue58,2,Woman,Parent
blue63,2,Man,Non-parent
blue75,2,Woman,Non-parent
blue83,2,Woman,Parent
blue9,2,Man,Parent
blue90,2,Woman,Non-parent
blue91,2,Woman,Non-parent
blue94,2,Woman,Parent
boat10,2,Man,Non-parent
boat11,2,Man,Parent
boat13,2,Man,Parent
boat32,2,Woman,Parent
boat38,2,Man,Non-parent
boat4,2,Man,Non-parent
boat45,2,Woman,Parent
boat55,2,Woman,Parent
boat70,2,Man,Non-parent
boat74,2,Woman,Parent
boat78,2,Woman,Non-parent
boat82,2,Woman,Parent
boat83,2,Woman,Non-parent
boat89,2,Woman,Non-parent
burger16,2,Woman,Parent
burger2,2,Man,Parent
burger36,2,Woman,Parent
burger45,2,Woman,Parent
burger52,2,Man,Parent
burger58,2,Woman,Parent
burger67,2,Woman,Parent
burger89,2,Woman,Non-parent
cake16,2,Man,Parent
cake18,2,Man,Parent
cake25,2,Man,Parent
cake35,2,Woman,Parent
cake4,2,Woman,Parent
cake48,2,Man,Non-parent
cake50,2,Woman,Non-parent
cake6,2,Man,Parent
cake84,2,Woman,Parent
cake90,2,Man,Parent
canal100,2,Woman,Non-parent
canal13,2,Man,Parent
canal17,2,Man,Non-parent
canal3,2,Woman,Non-parent
canal33,2,Man,Parent
canal39,2,Man,Parent
canal41,2,Man,Non-parent
canal48,2,Man,Non-parent
canal50,2,Woman,Parent
canal52,2,Woman,Parent
canal76,2,Man,Non-parent
canal83,2,Woman,Parent
canoe24,2,Woman,Non-parent
canoe31,2,Man,Parent
canoe33,2,Woman,Non-parent
canoe36,2,Man,Parent
canoe44,2,Woman,Parent
canoe63,2,Man,Parent
canoe68,2,Woman,Non-parent
canoe75,2,Man,Non-parent
canoe93,2,Man,Non-parent
canyon13,2,Man,Non-parent
canyon26,2,Woman,Parent
canyon32,2,Man,Parent
canyon46,2,Man,Non-parent
canyon49,2,Woman,Non-parent
canyon55,2,Man,Non-parent
canyon63,2,Woman,Parent
canyon69,2,Woman,Parent
canyon81,2,Woman,Non-parent
canyon90,2,Man,Non-parent
canyon93,2,Man,Parent
carrot1,2,Woman,Non-parent
carrot15,2,Man,Non-parent
carrot21,2,Man,Parent
carrot23,2,Woman,Parent
carrot50,2,Woman,Non-parent
carrot52,2,Woman,Non-parent
carrot57,2,Man,Parent
carrot66,2,Woman,Non-parent
carrot70,2,Man,Parent
carrot95,2,Man,Non-parent
carrot98,2,Woman,Non-parent
chicken18,2,Woman,Non-parent
chicken20,2,Woman,Parent
chicken25,2,Woman,Non-parent
chicken28,2,Man,Non-parent
chicken29,2,Man,Parent
chicken38,2,Woman,Non-parent
chicken4,2,Man,Non-parent
chicken45,2,Man,Non-parent
chicken54,2,Woman,Non-parent
chicken67,2,Woman,Non-parent
chicken68,2,Woman,Non-parent
chicken71,2,Woman,Parent
chicken98,2,Man,Non-parent
cliff10,2,Woman,Parent
cliff100,2,Man,Parent
cliff18,2,Man,Parent
cliff27,2,Man,Non-parent
cliff32,2,Man,Non-parent
cliff33,2,Woman,Parent
cliff45,2,Woman,Parent
cliff46,2,Man,Parent
cliff49,2,Man,Non-parent
cliff51,2,Woman,Non-parent
cliff57,2,Woman,Parent
cliff59,2,Man,Parent
cliff62,2,Man,Parent
cliff82,2,Man,Parent
cliff89,2,Man,Parent
cliff91,2,Man,Parent
cliff93,2,Man,Non-parent
cliff95,2,Man,Non-parent
cliff99,2,Man,Parent
climb21,2,Woman,Parent
climb33,2,Woman,Non-parent
climb36,2,Man,Parent
climb45,2,Man,Parent
climb49,2,Man,Non-parent
climb51,2,Man,Parent
climb73,2,Woman,Non-parent
climb89,2,Woman,Non-parent
coffee100,2,Woman,Parent
coffee2,2,Man,Parent
coffee27,2,Woman,Parent
coffee29,2,Woman,Parent
coffee35,2,Man,Parent
coffee36,2,Man,Non-parent
coffee42,2,Man,Parent
coffee51,2,Woman,Non-parent
coffee52,2,Man,Non-parent
coffee54,2,Man,Non-parent
coffee57,2,Woman,Parent
coffee81,2,Man,Non-parent
cookie12,2,Woman,Parent
cookie20,2,Woman,Parent
cookie44,2,Man,Parent
cookie46,2,Man,Parent
cookie49,2,Man,Parent
cookie51,2,Man,Non-parent
cookie6,2,Man,Parent
cookie64,2,Woman,Non-parent
cookie65,2,Woman,Parent
cookie80,2,Woman,Parent
cookie97,2,Man,Non-parent
dinner13,2,Man,Parent
dinner2,2,Man,Parent
dinner22,2,Man,Non-parent
dinner34,2,Man,Parent
dinner41,2,Man,Parent
dinner49,2,Man,Non-parent
dinner53,2,Man,Non-parent
dinner66,2,Woman,Non-parent
dinner86,2,Woman,Non-parent
dive1,2,Man,Non-parent
dive14,2,Woman,Non-parent
dive25,2,Man,Parent
dive48,2,Man,Parent
dive59,2,Man,Parent
dive64,2,Woman,Non-parent
dive68,2,Man,Non-parent
dive72,2,Woman,Parent
dive79,2,Man,Non-parent
dive81,2,Woman,Parent
dive82,2,Man,Parent
drink100,2,Woman,Non-parent
drink17,2,Woman,Parent
drink20,2,Woman,Parent
drink51,2,Man,Non-parent
drink55,2,Woman,Parent
drink68,2,Man,Parent
drink74,2,Woman,Parent
drink78,2,Woman,Parent
drink81,2,Woman,Parent
drink84,2,Woman,Non-parent
drink9,2,Woman,Non-parent
east47,2,Man,Non-parent
east50,2,Man,Parent
east62,2,Woman,Parent
east74,2,Woman,Non-parent
east82,2,Man,Non-parent
east89,2,Man,Non-parent
east90,2,Man,Non-parent
eat13,2,Woman,Non-parent
eat15,2,Woman,Non-parent
eat28,2,Man,Parent
eat33,2,Man,Non-parent
eat34,2,Woman,Non-parent
eat37,2,Woman,Non-parent
eat38,2,Man,Parent
eat47,2,Man,Non-parent
eat49,2,Woman,Parent
eat5,2,Man,Parent
eat54,2,Man,Non-parent
eat58,2,Woman,Non-parent
eat72,2,Woman,Non-parent
eat73,2,Woman,Parent
eat98,2,Woman,Non-parent
eggs11,2,Man,Parent
eggs29,2,Woman,Parent
eggs36,2,Man,Non-parent
eggs45,2,Man,Parent
eggs59,2,Man,Non-parent
eggs6,2,Woman,Non-parent
eggs61,2,Woman,Non-parent
eggs67,2,Man,Parent
eggs7,2,Woman,Non-parent
eggs83,2,Woman,Non-parent
eggs85,2,Woman,Parent
eggs91,2,Man,Non-parent
eggs94,2,Woman,Non-parent
fall10,2,Woman,Parent
fall100,2,Woman,Non-parent
fall19,2,Man,Parent
fall22,2,Man,Non-parent
fall33,2,Woman,Parent
fall64,2,Woman,Parent
fall65,2,Man,Parent
fall85,2,Man,Parent
fall86,2,Man,Parent
fall91,2,Woman,Non-parent
fall95,2,Man,Non-parent
field12,2,Man,Parent
field2,2,Man,Parent
field3,2,Woman,Non-parent
field59,2,Man,Non-parent
field60,2,Woman,Parent
field62,2,Woman,Non-parent
field7,2,Man,Non-parent
field74,2,Man,Non-parent
field75,2,Woman,Parent
field89,2,Woman,Parent
field98,2,Woman,Non-parent
florida1,2,Woman,Non-parent
florida16,2,Woman,Non-parent
florida26,2,Man,Non-parent
florida3,2,Woman,Parent
florida30,2,Woman,Parent
florida40,2,Woman,Parent
florida48,2,Man,Parent
florida49,2,Woman,Parent
florida62,2,Man,Parent
florida66,2,Man,Parent
florida86,2,Woman,Parent
florida90,2,Man,Non-parent
gold12,2,Woman,Non-parent
gold19,2,Woman,Parent
gold26,2,Woman,Non-parent
gold35,2,Man,Parent
gold43,2,Woman,Parent
gold5,2,Woman,Parent
gold53,2,Man,Parent
gold56,2,Man,Non-parent
gold76,2,Woman,Parent
gold80,2,Woman,Non-parent
gold89,2,Man,Parent
green1,2,Woman,Non-parent
green11,2,Woman,Parent
green18,2,Man,Non-parent
green27,2,Man,Parent
green31,2,Woman,Non-parent
green37,2,Man,Non-parent
green38,2,Woman,Non-parent
green47,2,Man,Parent
green82,2,Man,Parent
green85,2,Man,Non-parent
green93,2,Man,Parent
hike39,2,Woman,Non-parent
hike47,2,Man,Parent
hike61,2,Man,Non-parent
hike65,2,Man,Non-parent
hike70,2,Woman,Parent
hike73,2,Man,Non-parent
hike79,2,Woman,Non-parent
hike81,2,Woman,Non-parent
hike86,2,Man,Non-parent
hike97,2,Man,Parent
hill17,2,Man,Non-parent
hill41,2,Man,Non-parent
hill42,2,Woman,Parent
hill53,2,Man,Parent
hill55,2,Man,Parent
hill75,2,Man,Parent
hill78,2,Man,Parent
hill79,2,Man,Parent
hill94,2,Man,Parent
ice13,2,Woman,Parent
ice16,2,Man,Non-parent
ice19,2,Woman,Non-parent
ice26,2,Woman,Parent
ice43,2,Man,Parent
ice55,2,Woman,Non-parent
ice60,2,Man,Non-parent
ice69,2,Woman,Non-parent
ice89,2,Man,Non-parent
idaho100,2,Man,Non-parent
idaho28,2,Woman,Non-parent
idaho58,2,Woman,Parent
idaho61,2,Man,Non-parent
idaho68,2,Man,Parent
idaho73,2,Woman,Parent
idaho84,2,Man,Non-parent
idaho87,2,Man,Parent
idaho9,2,Man,Parent
island100,2,Man,Parent
island16,2,Woman,Parent
island23,2,Man,Parent
island44,2,Man,Non-parent
island45,2,Woman,Parent
island62,2,Man,Parent
island65,2,Man,Non-parent
island69,2,Woman,Non-parent
island76,2,Man,Non-parent
island88,2,Woman,Parent
island9,2,Man,Parent
island91,2,Man,Parent
island95,2,Woman,Non-parent
jump100,2,Man,Non-parent
jump2,2,Woman,Non-parent
jump31,2,Woman,Parent
jump40,2,Man,Parent
jump49,2,Man,Non-parent
jump60,2,Man,Parent
jump67,2,Man,Non-parent
jump8,2,Man,Parent
jump9,2,Woman,Parent
lake36,2,Man,Non-parent
lake37,2,Man,Non-parent
lake43,2,Man,Parent
lake45,2,Woman,Parent
lake56,2,Woman,Parent
lake62,2,Man,Parent
lake68,2,Man,Non-parent
lake69,2,Man,Parent
lake94,2,Man,Non-parent
left10,2,Man,Non-parent
left18,2,Man,Parent
left22,2,Man,Non-parent
left29,2,Man,Non-parent
left31,2,Man,Non-parent
left33,2,Woman,Parent
left45,2,Man,Parent
left61,2,Man,Non-parent
left67,2,Woman,Parent
left68,2,Man,Parent
left8,2,Woman,Parent
left87,2,Man,Parent
left96,2,Woman,Non-parent
lunch17,2,Man,Non-parent
lunch23,2,Woman,Parent
lunch40,2,Woman,Non-parent
lunch43,2,Woman,Parent
lunch5,2,Woman,Non-parent
lunch64,2,Man,Non-parent
lunch87,2,Man,Parent
lunch89,2,Man,Parent
lunch9,2,Man,Parent
mountain1,2,Man,Parent
mountain23,2,Woman,Parent
mountain27,2,Woman,Parent
mountain3,2,Woman,Parent
mountain43,2,Woman,Parent
mountain45,2,Man,Parent
mountain46,2,Woman,Non-parent
mountain62,2,Woman,Non-parent
mountain73,2,Woman,Non-parent
mountain79,2,Man,Parent
mountain8,2,Woman,Parent
mountain83,2,Man,Parent
mountain9,2,Woman,Non-parent
mountain95,2,Man,Parent
north10,2,Woman,Parent
north13,2,Man,Non-parent
north31,2,Woman,Non-parent
north51,2,Woman,Non-parent
north58,2,Man,Parent
north62,2,Woman,Parent
north65,2,Woman,Parent
north66,2,Woman,Parent
north75,2,Woman,Non-parent
north77,2,Man,Parent
north78,2,Man,Non-parent
north80,2,Man,Parent
ocean14,2,Woman,Non-parent
ocean24,2,Woman,Non-parent
ocean35,2,Woman,Non-parent
ocean4,2,Man,Parent
ocean55,2,Man,Parent
ocean65,2,Woman,Non-parent
ocean70,2,Man,Non-parent
ocean77,2,Woman,Parent
ocean79,2,Man,Parent
ocean88,2,Man,Parent
ocean93,2,Woman,Non-parent
ohio13,2,Man,Parent
ohio36,2,Man,Non-parent
ohio40,2,Man,Non-parent
ohio42,2,Woman,Parent
ohio51,2,Man,Parent
ohio53,2,Man,Non-parent
ohio57,2,Man,Non-parent
ohio62,2,Man,Parent
ohio73,2,Woman,Non-parent
ohio75,2,Man,Non-parent
olive15,2,Man,Parent
olive19,2,Man,Non-parent
olive20,2,Man,Parent
olive30,2,Man,Parent
olive48,2,Man,Non-parent
olive60,2,Man,Non-parent
olive61,2,Woman,Non-parent
olive63,2,Man,Non-parent
olive8,2,Woman,Parent
olive93,2,Woman,Parent
orange23,2,Woman,Parent
orange3,2,Man,Non-parent
orange42,2,Woman,Non-parent
orange6,2,Woman,Parent
orange66,2,Man,Non-parent
orange70,2,Man,Parent
orange75,2,Man,Non-parent
orange77,2,Man,Non-parent
orange78,2,Man,Non-parent
orange8,2,Woman,Non-parent
orange92,2,Woman,Non-parent
orange95,2,Man,Parent
orange98,2,Man,Parent
orange99,2,Woman,Non-parent
pants1,2,Woman,Non-parent
pants13,2,Man,Non-parent
pants14,2,Man,Parent
pants26,2,Woman,Non-parent
pants37,2,Woman,Non-parent
pants47,2,Man,Non-parent
pants55,2,Woman,Parent
pants6,2,Woman,Parent
pants62,2,Woman,Non-parent
pants7,2,Man,Parent
pants79,2,Man,Parent
pants81,2,Woman,Non-parent
pants9,2,Man,Non-parent
pants91,2,Man,Parent
park13,2,Man,Parent
park17,2,Woman,Parent
park19,2,Woman,Non-parent
park2,2,Woman,Parent
park4,2,Man,Parent
park5,2,Woman,Non-parent
park54,2,Man,Parent
park65,2,Man,Parent
park80,2,Woman,Parent
pen15,2,Woman,Non-parent
pen38,2,Man,Parent
pen43,2,Man,Non-parent
pen45,2,Woman,Parent
pen48,2,Woman,Parent
pen6,2,Man,Parent
pen67,2,Man,Parent
pen68,2,Woman,Parent
pen75,2,Woman,Parent
pen81,2,Woman,Non-parent
pen85,2,Man,Non-parent
pencil3,2,Man,Parent
pencil43,2,Woman,Non-parent
pencil44,2,Woman,Non-parent
pencil45,2,Woman,Non-parent
pencil47,2,Man,Parent
pencil52,2,Man,Non-parent
pencil57,2,Man,Non-parent
pencil58,2,Woman,Parent
pencil60,2,Woman,Non-parent
pencil64,2,Woman,Parent
pencil7,2,Man,Non-parent
pencil71,2,Woman,Parent
pencil76,2,Woman,Non-parent
pencil8,2,Man,Parent
phone15,2,Man,Non-parent
phone17,2,Man,Non-parent
phone32,2,Woman,Non-parent
phone34,2,Woman,Non-parent
phone35,2,Woman,Parent
phone47,2,Man,Parent
phone5,2,Woman,Non-parent
phone51,2,Man,Parent
phone55,2,Woman,Non-parent
phone63,2,Woman,Parent
phone69,2,Woman,Non-parent
phone71,2,Woman,Parent
phone77,2,Man,Non-parent
phone79,2,Man,Non-parent
phone83,2,Man,Parent
phone86,2,Man,Non-parent
pink28,2,Man,Non-parent
pink31,2,Man,Non-parent
pink33,2,Man,Non-parent
pink44,2,Woman,Non-parent
pink51,2,Woman,Parent
pink60,2,Woman,Parent
pink64,2,Woman,Parent
pink69,2,Woman,Non-parent
pink73,2,Woman,Parent
pink9,2,Woman,Parent
pink97,2,Man,Non-parent
pink98,2,Man,Non-parent
pizza13,2,Man,Parent
pizza21,2,Man,Parent
pizza39,2,Woman,Parent
pizza43,2,Woman,Non-parent
pizza83,2,Woman,Parent
pizza91,2,Man,Non-parent
planet10,2,Woman,Parent
planet100,2,Man,Non-parent
planet13,2,Woman,Parent
planet20,2,Woman,Non-parent
planet27,2,Woman,Parent
planet49,2,Woman,Non-parent
planet54,2,Woman,Non-parent
planet57,2,Woman,Non-parent
planet69,2,Man,Non-parent
planet73,2,Woman,Parent
planet82,2,Man,Non-parent
planet9,2,Man,Parent
planet94,2,Man,Parent
plant1,2,Man,Non-parent
plant30,2,Man,Parent
plant34,2,Woman,Non-parent
plant43,2,Man,Parent
plant48,2,Woman,Parent
plant49,2,Man,Parent
plant55,2,Woman,Parent
plant61,2,Woman,Non-parent
plant73,2,Woman,Parent
plant77,2,Man,Non-parent
plant81,2,Man,Parent
plant82,2,Man,Non-parent
pond12,2,Man,Parent
pond28,2,Woman,Parent
pond30,2,Woman,Parent
pond31,2,Woman,Non-parent
pond33,2,Woman,Parent
pond42,2,Man,Parent
pond69,2,Woman,Parent
pond80,2,Woman,Non-parent
pond86,2,Man,Non-parent
pond87,2,Man,Non-parent
pond95,2,Woman,Non-parent
pond96,2,Woman,Non-parent
purple2,2,Man,Parent
purple5,2,Man,Parent
purple57,2,Man,Non-parent
purple64,2,Woman,Non-parent
purple69,2,Woman,Parent
purple73,2,Woman,Non-parent
purple74,2,Man,Parent
purple86,2,Man,Parent
purple89,2,Man,Parent
purple94,2,Woman,Parent
rain14,2,Woman,Non-parent
rain22,2,Woman,Parent
rain30,2,Man,Parent
rain54,2,Woman,Parent
rain59,2,Man,Non-parent
rain6,2,Man,Parent
rain66,2,Man,Parent
rain67,2,Woman,Non-parent
rain68,2,Woman,Parent
rain83,2,Woman,Non-parent
red1,2,Man,Parent
red10,2,Man,Non-parent
red17,2,Woman,Parent
red19,2,Woman,Parent
red23,2,Woman,Parent
red29,2,Man,Non-parent
red32,2,Man,Non-parent
red39,2,Woman,Parent
red42,2,Woman,Parent
red62,2,Woman,Non-parent
red69,2,Woman,Non-parent
red79,2,Man,Non-parent
red86,2,Woman,Non-parent
rice22,2,Man,Parent
rice23,2,Woman,Non-parent
rice35,2,Man,Non-parent
rice36,2,Woman,Non-parent
rice45,2,Man,Non-parent
rice46,2,Man,Non-parent
rice47,2,Woman,Parent
rice50,2,Man,Parent
rice55,2,Man,Parent
rice64,2,Man,Parent
rice90,2,Man,Non-parent
rice92,2,Woman,Non-parent
right1,2,Man,Parent
right13,2,Woman,Parent
right36,2,Man,Non-parent
right44,2,Woman,Parent
right61,2,Man,Non-parent
right68,2,Woman,Parent
right79,2,Woman,Parent
right82,2,Woman,Non-parent
right85,2,Man,Non-parent
right87,2,Man,Non-parent
right89,2,Woman,Parent
river16,2,Woman,Parent
river23,2,Man,Non-parent
river32,2,Man,Non-parent
river43,2,Man,Non-parent
river52,2,Woman,Parent
river6,2,Man,Parent
river61,2,Man,Non-parent
river72,2,Man,Parent
river73,2,Man,Non-parent
river74,2,Man,Parent
river75,2,Man,Non-parent
road1,2,Man,Parent
road20,2,Woman,Non-parent
road24,2,Man,Parent
road36,2,Woman,Non-parent
road45,2,Woman,Parent
road82,2,Man,Parent
road88,2,Man,Non-parent
road97,2,Woman,Non-parent
run16,2,Woman,Parent
run22,2,Woman,Non-parent
run23,2,Man,Non-parent
run26,2,Woman,Non-parent
run27,2,Woman,Parent
run29,2,Man,Non-parent
run30,2,Man,Non-parent
run31,2,Man,Non-parent
run32,2,Woman,Parent
run46,2,Woman,Non-parent
run47,2,Woman,Parent
run56,2,Man,Non-parent
run7,2,Man,Non-parent
run74,2,Woman,Non-parent
run76,2,Woman,Non-parent
run77,2,Woman,Parent
run81,2,Woman,Non-parent
run85,2,Woman,Non-parent
run88,2,Man,Non-parent
salad17,2,Man,Non-parent
salad36,2,Man,Non-parent
salad41,2,Woman,Parent
salad44,2,Man,Non-parent
salad46,2,Woman,Parent
salad55,2,Woman,Non-parent
salad59,2,Woman,Non-parent
salad6,2,Woman,Non-parent
salad61,2,Woman,Parent
salad71,2,Man,Parent
salad73,2,Man,Non-parent
salad78,2,Woman,Non-parent
salad95,2,Woman,Non-parent
sand11,2,Woman,Non-parent
sand17,2,Man,Non-parent
sand31,2,Woman,Non-parent
sand38,2,Woman,Non-parent
sand42,2,Woman,Parent
sand45,2,Man,Parent
sand5,2,Woman,Non-parent
sand50,2,Man,Parent
sand57,2,Man,Parent
sand58,2,Woman,Non-parent
sand6,2,Man,Non-parent
sand68,2,Woman,Parent
sand72,2,Man,Non-parent
sand73,2,Man,Parent
sand76,2,Woman,Non-parent
sand79,2,Woman,Parent
sand80,2,Man,Non-parent
sand93,2,Woman,Non-parent
shell21,2,Woman,Non-parent
shell26,2,Woman,Non-parent
shell39,2,Man,Parent
shell4,2,Woman,Non-parent
shell43,2,Woman,Non-parent
shell52,2,Man,Parent
shell59,2,Man,Parent
shell70,2,Man,Parent
shell77,2,Man,Non-parent
shell80,2,Woman,Parent
shell85,2,Woman,Parent
shell87,2,Woman,Parent
shell9,2,Man,Parent
shell99,2,Woman,Parent
shirt17,2,Woman,Non-parent
shirt32,2,Woman,Non-parent
shirt50,2,Woman,Non-parent
shirt53,2,Man,Parent
shirt54,2,Woman,Non-parent
shirt69,2,Man,Non-parent
shirt70,2,Woman,Non-parent
shirt82,2,Woman,Non-parent
shirt87,2,Woman,Non-parent
shirt94,2,Woman,Non-parent
silver40,2,Man,Non-parent
silver56,2,Man,Parent
silver58,2,Man,Non-parent
silver87,2,Man,Non-parent
silver97,2,Woman,Non-parent
sleep11,2,Woman,Parent
sleep18,2,Man,Parent
sleep19,2,Woman,Non-parent
sleep28,2,Woman,Parent
sleep5,2,Man,Non-parent
sleep70,2,Woman,Non-parent
sleep74,2,Woman,Parent
sleep88,2,Man,Non-parent
sleep90,2,Woman,Non-parent
sleep97,2,Woman,Parent
smoke12,2,Man,Non-parent
smoke14,2,Man,Non-parent
smoke16,2,Man,Parent
smoke19,2,Woman,Parent
smoke44,2,Man,Non-parent
smoke47,2,Woman,Parent
smoke58,2,Man,Parent
smoke60,2,Woman,Parent
smoke69,2,Woman,Parent
smoke73,2,Man,Parent
smoke79,2,Woman,Parent
smoke84,2,Woman,Non-parent
smoke91,2,Woman,Non-parent
smoke93,2,Man,Non-parent
smoke98,2,Man,Non-parent
snack100,2,Man,Non-parent
snack14,2,Man,Non-parent
snack17,2,Man,Non-parent
snack35,2,Woman,Non-parent
snack39,2,Woman,Parent
snack44,2,Man,Parent
snack82,2,Woman,Non-parent
snack88,2,Man,Non-parent
snack95,2,Woman,Non-parent
snow10,2,Woman,Parent
snow27,2,Woman,Parent
snow28,2,Man,Parent
snow30,2,Woman,Non-parent
snow31,2,Man,Parent
snow36,2,Woman,Parent
snow4,2,Man,Parent
snow41,2,Man,Parent
snow44,2,Man,Non-parent
snow53,2,Man,Parent
snow57,2,Woman,Parent
snow69,2,Man,Parent
snow71,2,Man,Parent
snow81,2,Man,Parent
snow86,2,Woman,Non-parent
snow87,2,Man,Parent
snow89,2,Woman,Non-parent
snow91,2,Woman,Non-parent
snow98,2,Woman,Parent
soda15,2,Man,Non-parent
soda30,2,Man,Parent
soda51,2,Man,Non-parent
soda60,2,Woman,Non-parent
soda7,2,Woman,Parent
soda75,2,Woman,Parent
soda78,2,Man,Parent
soda82,2,Woman,Non-parent
soda9,2,Man,Non-parent
soda94,2,Woman,Parent
soda95,2,Man,Non-parent
soup11,2,Woman,Parent
soup29,2,Man,Non-parent
soup3,2,Woman,Non-parent
soup39,2,Man,Non-parent
soup42,2,Woman,Parent
soup43,2,Woman,Parent
soup46,2,Man,Parent
soup49,2,Woman,Parent
soup56,2,Man,Parent
soup75,2,Woman,Parent
soup91,2,Man,Parent
south13,2,Woman,Non-parent
south25,2,Man,Parent
south32,2,Woman,Parent
south33,2,Man,Non-parent
south4,2,Woman,Non-parent
south50,2,Man,Non-parent
south56,2,Woman,Non-parent
south84,2,Woman,Non-parent
south85,2,Man,Non-parent
south88,2,Man,Non-parent
south97,2,Man,Non-parent
storm15,2,Man,Parent
storm16,2,Woman,Parent
storm25,2,Woman,Parent
storm28,2,Woman,Non-parent
storm31,2,Man,Parent
storm4,2,Woman,Parent
storm45,2,Man,Non-parent
storm46,2,Woman,Non-parent
storm63,2,Woman,Non-parent
storm66,2,Man,Non-parent
storm78,2,Man,Parent
storm86,2,Woman,Parent
storm91,2,Man,Parent
stream28,2,Man,Parent
stream33,2,Man,Non-parent
stream34,2,Woman,Parent
stream49,2,Man,Parent
stream53,2,Man,Parent
stream64,2,Man,Non-parent
stream66,2,Woman,Parent
stream69,2,Woman,Non-parent
stream77,2,Woman,Parent
stream8,2,Woman,Non-parent
stream9,2,Woman,Non-parent
street2,2,Man,Non-parent
street28,2,Woman,Parent
street40,2,Woman,Non-parent
street41,2,Woman,Non-parent
street62,2,Woman,Parent
street64,2,Woman,Parent
street73,2,Man,Parent
street75,2,Woman,Parent
street76,2,Man,Parent
street83,2,Man,Non-parent
street9,2,Man,Parent
street99,2,Man,Non-parent
surf100,2,Man,Non-parent
surf24,2,Man,Parent
surf44,2,Man,Non-parent
surf54,2,Woman,Parent
surf6,2,Man,Non-parent
surf63,2,Man,Non-parent
surf70,2,Man,Parent
surf79,2,Woman,Non-parent
surf81,2,Woman,Non-parent
surf82,2,Woman,Parent
surf94,2,Woman,Parent
swim10,2,Man,Non-parent
swim23,2,Woman,Non-parent
swim3,2,Man,Parent
swim31,2,Woman,Parent
swim44,2,Man,Non-parent
swim67,2,Man,Non-parent
swim81,2,Man,Non-parent
tea100,2,Woman,Non-parent
tea15,2,Woman,Parent
tea25,2,Man,Parent
tea33,2,Woman,Non-parent
tea35,2,Woman,Non-parent
tea36,2,Woman,Parent
tea42,2,Man,Non-parent
tea59,2,Man,Parent
tea60,2,Woman,Non-parent
tea61,2,Woman,Non-parent
tea63,2,Man,Non-parent
tea78,2,Woman,Parent
tea89,2,Man,Non-parent
tea93,2,Man,Parent
tea95,2,Woman,Parent
thunder10,2,Woman,Non-parent
thunder18,2,Woman,Non-parent
thunder19,2,Woman,Parent
thunder2,2,Woman,Parent
thunder20,2,Woman,Parent
thunder28,2,Woman,Non-parent
thunder30,2,Man,Parent
thunder37,2,Woman,Parent
thunder42,2,Man,Parent
thunder45,2,Man,Non-parent
thunder47,2,Woman,Non-parent
thunder48,2,Man,Parent
thunder49,2,Woman,Non-parent
thunder5,2,Woman,Parent
thunder55,2,Man,Non-parent
thunder6,2,Man,Non-parent
thunder60,2,Woman,Non-parent
thunder68,2,Woman,Parent
thunder74,2,Man,Parent
thunder75,2,Man,Non-parent
thunder81,2,Man,Parent
thunder88,2,Man,Non-parent
tire1,2,Man,Non-parent
tire11,2,Woman,Parent
tire18,2,Woman,Parent
tire24,2,Man,Non-parent
tire30,2,Woman,Non-parent
tire57,2,Man,Non-parent
tire60,2,Man,Non-parent
tire71,2,Woman,Non-parent
tire78,2,Man,Parent
tire79,2,Woman,Parent
tire8,2,Woman,Non-parent
tire80,2,Woman,Non-parent
tire85,2,Woman,Parent
tire89,2,Woman,Parent
traffic11,2,Woman,Parent
traffic14,2,Woman,Parent
traffic15,2,Woman,Non-parent
traffic17,2,Man,Parent
traffic20,2,Woman,Non-parent
traffic21,2,Woman,Parent
traffic29,2,Man,Parent
traffic3,2,Man,Non-parent
traffic56,2,Woman,Non-parent
traffic6,2,Woman,Parent
traffic63,2,Woman,Parent
traffic7,2,Man,Parent
traffic96,2,Woman,Non-parent
traffic97,2,Man,Parent
tree20,2,Man,Non-parent
tree31,2,Man,Non-parent
tree32,2,Woman,Parent
tree35,2,Man,Parent
tree45,2,Woman,Parent
tree48,2,Woman,Non-parent
tree52,2,Man,Non-parent
tree58,2,Man,Parent
tree60,2,Woman,Parent
tree64,2,Woman,Non-parent
tree92,2,Man,Parent
tree96,2,Woman,Non-parent
tree97,2,Man,Parent
umbrella1,2,Woman,Non-parent
umbrella18,2,Man,Parent
umbrella22,2,Woman,Parent
umbrella31,2,Woman,Non-parent
umbrella42,2,Woman,Non-parent
umbrella45,2,Woman,Parent
umbrella51,2,Man,Non-parent
umbrella55,2,Man,Parent
umbrella6,2,Woman,Non-parent
umbrella60,2,Woman,Non-parent
umbrella71,2,Woman,Parent
umbrella73,2,Man,Parent
umbrella75,2,Woman,Non-parent
umbrella84,2,Man,Parent
umbrella86,2,Woman,Non-parent
umbrella92,2,Man,Parent
umbrella99,2,Woman,Parent
wake11,2,Man,Non-parent
wake17,2,Woman,Parent
wake28,2,Woman,Non-parent
wake38,2,Man,Parent
wake40,2,Man,Parent
wake52,2,Man,Parent
wake60,2,Man,Parent
wake64,2,Man,Non-parent
wake74,2,Woman,Non-parent
wake80,2,Woman,Non-parent
wake99,2,Man,Parent
walk26,2,Woman,Non-parent
walk49,2,Man,Non-parent
walk50,2,Man,Parent
walk61,2,Man,Non-parent
walk85,2,Woman,Parent
walk89,2,Man,Non-parent
waves10,2,Woman,Parent
waves12,2,Man,Parent
waves14,2,Man,Non-parent
waves37,2,Woman,Non-parent
waves38,2,Man,Non-parent
waves6,2,Man,Parent
waves63,2,Man,Non-parent
waves70,2,Man,Non-parent
waves91,2,Man,Parent
waves92,2,Woman,Non-parent
waves98,2,Woman,Parent
west24,2,Man,Parent
west58,2,Woman,Parent
west61,2,Woman,Non-parent
west95,2,Man,Non-parent
wind1,2,Woman,Parent
wind12,2,Woman,Non-parent
wind18,2,Woman,Parent
wind49,2,Woman,Non-parent
wind5,2,Woman,Parent
wind76,2,Woman,Non-parent
wind78,2,Woman,Parent
wind98,2,Man,Parent
yellow13,2,Woman,Parent
yellow46,2,Man,Non-parent
yellow47,2,Man,Parent
yellow54,2,Woman,Non-parent
yellow56,2,Man,Non-parent
yellow60,2,Man,Non-parent
yellow70,2,Woman,Non-parent
yellow72,2,Man,Parent
yellow89,2,Man,Parent
yellow97,2,Man,Parent
air13,3,Man,Parent
air14,3,Woman,Non-parent
air19,3,Woman,Parent
air37,3,Man,Parent
air4,3,Man,Non-parent
air50,3,Man,Parent
air55,3,Woman,Non-parent
air90,3,Man,Non-parent
alaska100,3,Woman,Non-parent
alaska15,3,Man,Parent
alaska20,3,Woman,Parent
alaska47,3,Woman,Non-parent
salad55,3,Woman,Parent
storm86,3,Woman,Non-parent
alaska6,3,Man,Non-parent
alaska72,3,Woman,Parent
alaska82,3,Man,Parent
alaska91,3,Woman,Parent
alaska95,3,Man,Non-parent
beach10,3,Man,Non-parent
beach20,3,Woman,Non-parent
beach33,3,Woman,Parent
beach71,3,Woman,Non-parent
beach79,3,Man,Parent
beach81,3,Man,Non-parent
bike1,3,Man,Parent
bike11,3,Woman,Parent
bike17,3,Man,Parent
bike44,3,Woman,Parent
bike56,3,Woman,Non-parent
bike58,3,Woman,Non-parent
bike69,3,Man,Parent
blue15,3,Woman,Non-parent
blue23,3,Man,Parent
blue27,3,Man,Parent
blue4,3,Man,Parent
blue94,3,Woman,Non-parent
boat13,3,Man,Non-parent
boat32,3,Woman,Non-parent
boat38,3,Man,Parent
boat4,3,Man,Parent
boat45,3,Woman,Non-parent
boat55,3,Woman,Non-parent
boat70,3,Man,Parent
boat82,3,Woman,Non-parent
boat89,3,Woman,Parent
burger2,3,Man,Non-parent
burger45,3,Woman,Non-parent
burger52,3,Man,Non-parent
burger58,3,Woman,Non-parent
burger67,3,Woman,Non-parent
cake18,3,Man,Non-parent
cake50,3,Woman,Parent
cake6,3,Man,Non-parent
canal13,3,Man,Non-parent
canal3,3,Woman,Parent
canal33,3,Man,Non-parent
canal39,3,Man,Non-parent
canal41,3,Man,Parent
canal48,3,Man,Parent
canal50,3,Woman,Non-parent
canal52,3,Woman,Non-parent
canal76,3,Man,Parent
canoe24,3,Woman,Parent
canoe31,3,Man,Non-parent
canoe33,3,Woman,Parent
canoe36,3,Man,Non-parent
canoe63,3,Man,Non-parent
canoe68,3,Woman,Parent
canoe93,3,Man,Parent
canyon32,3,Man,Non-parent
canyon46,3,Man,Parent
canyon49,3,Woman,Parent
canyon63,3,Woman,Non-parent
canyon81,3,Woman,Parent
carrot1,3,Woman,Parent
carrot50,3,Woman,Parent
carrot57,3,Man,Non-parent
carrot66,3,Woman,Parent
carrot95,3,Man,Parent
chicken18,3,Woman,Parent
chicken20,3,Man,Parent
chicken25,3,Woman,Parent
chicken29,3,Man,Non-parent
chicken38,3,Woman,Parent
chicken4,3,Man,Parent
chicken54,3,Woman,Parent
chicken68,3,Woman,Parent
chicken71,3,Woman,Non-parent
cliff10,3,Woman,Non-parent
cliff18,3,Man,Non-parent
cliff27,3,Man,Parent
cliff32,3,Man,Parent
cliff33,3,Woman,Non-parent
cliff49,3,Man,Parent
cliff51,3,Woman,Parent
cliff59,3,Man,Non-parent
cliff89,3,Man,Non-parent
cliff91,3,Man,Non-parent
cliff93,3,Man,Parent
cliff95,3,Man,Parent
climb33,3,Woman,Parent
climb45,3,Man,Non-parent
climb49,3,Man,Parent
climb89,3,Woman,Parent
coffee100,3,Woman,Non-parent
coffee27,3,Woman,Non-parent
coffee35,3,Man,Non-parent
coffee51,3,Woman,Parent
coffee52,3,Man,Parent
cookie12,3,Woman,Non-parent
cookie20,3,Woman,Non-parent
cookie46,3,Man,Non-parent
cookie6,3,Man,Non-parent
cookie64,3,Woman,Parent
cookie65,3,Woman,Non-parent
cookie97,3,Man,Parent
dinner34,3,Man,Non-parent
dinner41,3,Man,Non-parent
dive1,3,Man,Parent
dive14,3,Woman,Parent
dive25,3,Man,Non-parent
dive68,3,Man,Parent
dive79,3,Man,Parent
dive81,3,Woman,Non-parent
dive82,3,Man,Non-parent
drink17,3,Woman,Non-parent
drink51,3,Man,Parent
drink55,3,Woman,Non-parent
drink74,3,Woman,Non-parent
drink84,3,Woman,Parent
east47,3,Man,Parent
east50,3,Man,Non-parent
east62,3,Woman,Non-parent
east82,3,Man,Parent
east89,3,Man,Parent
east90,3,Man,Parent
eat28,3,Man,Non-parent
eat33,3,Man,Parent
eat34,3,Woman,Parent
eat37,3,Woman,Parent
eat5,3,Man,Non-parent
eat54,3,Man,Parent
eat58,3,Woman,Parent
eat72,3,Woman,Parent
eat98,3,Woman,Parent
eggs11,3,Man,Non-parent
eggs29,3,Woman,Non-parent
eggs36,3,Man,Parent
eggs45,3,Man,Non-parent
eggs7,3,Woman,Parent
eggs83,3,Woman,Parent
eggs85,3,Woman,Non-parent
eggs91,3,Man,Parent
fall10,3,Woman,Non-parent
fall100,3,Woman,Parent
fall19,3,Man,Non-parent
fall33,3,Woman,Non-parent
fall64,3,Woman,Non-parent
fall65,3,Man,Non-parent
fall85,3,Man,Non-parent
fall86,3,Man,Non-parent
fall91,3,Woman,Parent
fall95,3,Man,Parent
field12,3,Man,Non-parent
field2,3,Man,Non-parent
field3,3,Woman,Parent
field59,3,Man,Parent
field62,3,Woman,Parent
field74,3,Man,Parent
field89,3,Woman,Non-parent
field98,3,Woman,Parent
florida1,3,Woman,Parent
florida16,3,Woman,Parent
florida26,3,Man,Parent
florida30,3,Woman,Non-parent
florida40,3,Woman,Non-parent
florida48,3,Man,Non-parent
florida62,3,Man,Non-parent
florida66,3,Man,Non-parent
florida86,3,Woman,Non-parent
florida90,3,Man,Parent
gold12,3,Woman,Parent
gold19,3,Woman,Non-parent
gold35,3,Man,Non-parent
gold5,3,Woman,Non-parent
gold56,3,Man,Parent
gold89,3,Man,Non-parent
green1,3,Woman,Parent
green11,3,Woman,Non-parent
green18,3,Man,Parent
green27,3,Man,Non-parent
green31,3,Woman,Parent
green37,3,Man,Parent
green38,3,Woman,Parent
green47,3,Man,Non-parent
green82,3,Man,Non-parent
green85,3,Man,Parent
hike39,3,Woman,Parent
hike47,3,Man,Non-parent
hike61,3,Man,Parent
hike65,3,Man,Parent
hike70,3,Woman,Non-parent
hike73,3,Man,Parent
hike79,3,Woman,Parent
hike81,3,Woman,Parent
hike97,3,Man,Non-parent
hill41,3,Man,Parent
hill42,3,Woman,Non-parent
hill53,3,Man,Non-parent
hill55,3,Man,Non-parent
hill75,3,Man,Non-parent
hill94,3,Man,Non-parent
ice16,3,Man,Parent
ice60,3,Man,Parent
ice69,3,Woman,Parent
ice89,3,Man,Parent
idaho100,3,Man,Parent
idaho58,3,Woman,Non-parent
idaho68,3,Man,Non-parent
idaho84,3,Man,Parent
idaho9,3,Man,Non-parent
island100,3,Man,Non-parent
island16,3,Woman,Non-parent
island23,3,Man,Non-parent
island45,3,Woman,Non-parent
island62,3,Man,Non-parent
island76,3,Man,Parent
island88,3,Woman,Non-parent
island9,3,Man,Non-parent
island95,3,Woman,Parent
jump2,3,Woman,Parent
jump49,3,Man,Parent
jump60,3,Man,Non-parent
jump67,3,Man,Parent
jump9,3,Woman,Non-parent
lake62,3,Man,Non-parent
lake68,3,Man,Parent
lake69,3,Man,Non-parent
left10,3,Man,Parent
left18,3,Man,Non-parent
left22,3,Man,Parent
left29,3,Man,Parent
left31,3,Man,Parent
left61,3,Man,Parent
left68,3,Man,Non-parent
left8,3,Woman,Non-parent
left87,3,Man,Non-parent
left96,3,Woman,Parent
lunch17,3,Man,Parent
lunch40,3,Woman,Parent
lunch43,3,Woman,Non-parent
lunch87,3,Man,Non-parent
lunch89,3,Man,Non-parent
lunch9,3,Man,Non-parent
mountain27,3,Woman,Non-parent
mountain3,3,Woman,Non-parent
mountain45,3,Man,Non-parent
mountain46,3,Woman,Parent
mountain62,3,Woman,Parent
mountain73,3,Woman,Parent
mountain79,3,Man,Non-parent
north10,3,Woman,Non-parent
north13,3,Man,Parent
north31,3,Woman,Parent
north51,3,Woman,Parent
north58,3,Man,Non-parent
north77,3,Man,Non-parent
north78,3,Man,Parent
north80,3,Man,Non-parent
ocean14,3,Woman,Parent
ocean24,3,Woman,Parent
ocean35,3,Woman,Parent
ocean65,3,Woman,Parent
ocean70,3,Man,Parent
ocean77,3,Woman,Non-parent
ocean79,3,Man,Non-parent
ocean88,3,Man,Non-parent
ocean93,3,Woman,Parent
ohio36,3,Man,Parent
ohio40,3,Man,Parent
ohio42,3,Woman,Non-parent
ohio51,3,Man,Non-parent
ohio53,3,Man,Parent
ohio62,3,Man,Non-parent
olive19,3,Man,Parent
olive30,3,Man,Non-parent
olive48,3,Man,Parent
olive60,3,Man,Parent
olive8,3,Woman,Non-parent
olive93,3,Woman,Non-parent
orange3,3,Man,Parent
orange42,3,Woman,Parent
orange70,3,Man,Non-parent
orange77,3,Man,Parent
orange78,3,Man,Parent
orange8,3,Woman,Parent
orange92,3,Woman,Parent
orange99,3,Woman,Parent
pants14,3,Man,Non-parent
pants26,3,Woman,Parent
pants37,3,Woman,Parent
pants47,3,Man,Parent
pants6,3,Woman,Non-parent
pants7,3,Man,Non-parent
pants79,3,Man,Non-parent
pants9,3,Man,Parent
pants91,3,Man,Non-parent
park2,3,Woman,Non-parent
park4,3,Man,Non-parent
park54,3,Man,Non-parent
park65,3,Man,Non-parent
pen15,3,Woman,Parent
pen43,3,Man,Parent
pen45,3,Woman,Non-parent
pen67,3,Man,Non-parent
pen68,3,Woman,Non-parent
pen75,3,Woman,Non-parent
pen81,3,Woman,Parent
pen85,3,Man,Parent
pencil43,3,Woman,Parent
pencil45,3,Woman,Parent
pencil47,3,Man,Non-parent
pencil52,3,Man,Parent
pencil60,3,Woman,Parent
pencil7,3,Man,Parent
pencil71,3,Woman,Non-parent
pencil76,3,Woman,Parent
phone15,3,Man,Parent
phone34,3,Woman,Parent
phone35,3,Woman,Non-parent
phone55,3,Woman,Parent
phone63,3,Woman,Non-parent
phone69,3,Woman,Parent
phone71,3,Woman,Non-parent
phone79,3,Man,Parent
phone86,3,Man,Parent
pink28,3,Man,Parent
pink31,3,Man,Parent
pink33,3,Man,Parent
pink51,3,Woman,Non-parent
pink60,3,Woman,Non-parent
pink9,3,Woman,Non-parent
pink97,3,Man,Parent
pink98,3,Man,Parent
pizza13,3,Man,Non-parent
pizza39,3,Woman,Non-parent
pizza43,3,Woman,Parent
pizza91,3,Man,Parent
planet10,3,Woman,Non-parent
planet13,3,Woman,Non-parent
planet20,3,Woman,Parent
planet49,3,Woman,Parent
planet54,3,Woman,Parent
planet57,3,Woman,Parent
planet73,3,Woman,Non-parent
planet9,3,Man,Non-parent
plant30,3,Man,Non-parent
plant34,3,Woman,Parent
plant43,3,Man,Non-parent
plant77,3,Man,Parent
plant82,3,Man,Parent
pond12,3,Man,Non-parent
pond30,3,Woman,Non-parent
pond42,3,Man,Non-parent
pond95,3,Woman,Parent
purple5,3,Man,Non-parent
purple57,3,Man,Parent
purple69,3,Woman,Non-parent
purple73,3,Woman,Parent
purple89,3,Man,Non-parent
rain14,3,Woman,Parent
rain22,3,Woman,Non-parent
rain30,3,Man,Non-parent
rain59,3,Man,Parent
rain68,3,Woman,Non-parent
red1,3,Man,Non-parent
red10,3,Man,Parent
red19,3,Woman,Non-parent
red23,3,Woman,Non-parent
red29,3,Man,Parent
red32,3,Man,Parent
red39,3,Woman,Non-parent
red42,3,Woman,Non-parent
red62,3,Woman,Parent
red86,3,Woman,Parent
rice22,3,Man,Non-parent
rice23,3,Woman,Parent
rice36,3,Woman,Parent
rice46,3,Man,Parent
rice47,3,Woman,Non-parent
rice50,3,Man,Non-parent
rice55,3,Man,Non-parent
rice92,3,Woman,Parent
right13,3,Woman,Non-parent
right36,3,Man,Parent
right44,3,Woman,Non-parent
right61,3,Man,Parent
right68,3,Woman,Non-parent
right82,3,Woman,Parent
right85,3,Man,Parent
right89,3,Woman,Non-parent
river16,3,Woman,Non-parent
river23,3,Man,Parent
river43,3,Man,Parent
river52,3,Woman,Non-parent
river72,3,Man,Non-parent
river73,3,Man,Parent
river75,3,Man,Parent
road1,3,Man,Non-parent
road20,3,Woman,Parent
road24,3,Man,Non-parent
road36,3,Woman,Parent
road82,3,Man,Non-parent
road97,3,Woman,Parent
run16,3,Woman,Non-parent
run22,3,Woman,Parent
run23,3,Man,Parent
run26,3,Woman,Parent
run31,3,Man,Parent
run32,3,Woman,Non-parent
run46,3,Woman,Parent
run47,3,Woman,Non-parent
run56,3,Man,Parent
run76,3,Woman,Parent
run81,3,Woman,Parent
run85,3,Woman,Parent
run88,3,Man,Parent
salad17,3,Man,Parent
salad36,3,Man,Parent
salad44,3,Man,Parent
salad46,3,Woman,Non-parent
salad59,3,Woman,Parent
salad6,3,Woman,Parent
salad71,3,Man,Non-parent
salad73,3,Man,Parent
salad95,3,Woman,Parent
sand11,3,Woman,Parent
sand17,3,Man,Parent
sand31,3,Woman,Parent
sand38,3,Woman,Parent
sand42,3,Woman,Non-parent
sand50,3,Man,Non-parent
sand68,3,Woman,Non-parent
sand72,3,Man,Parent
sand73,3,Man,Non-parent
sand76,3,Woman,Parent
shell52,3,Man,Non-parent
shell70,3,Man,Non-parent
shell77,3,Man,Parent
shell85,3,Woman,Non-parent
shell9,3,Man,Non-parent
shell99,3,Woman,Non-parent
shirt17,3,Woman,Parent
shirt32,3,Woman,Parent
shirt50,3,Woman,Parent
shirt53,3,Man,Non-parent
shirt54,3,Woman,Parent
shirt69,3,Man,Parent
shirt70,3,Woman,Parent
shirt94,3,Woman,Parent
silver40,3,Man,Parent
silver56,3,Man,Non-parent
silver97,3,Woman,Parent
sleep11,3,Woman,Non-parent
sleep19,3,Woman,Parent
sleep70,3,Woman,Parent
sleep74,3,Woman,Non-parent
sleep88,3,Man,Parent
sleep97,3,Woman,Non-parent
smoke14,3,Man,Parent
smoke16,3,Man,Non-parent
smoke19,3,Woman,Non-parent
smoke47,3,Woman,Non-parent
smoke58,3,Man,Non-parent
smoke69,3,Woman,Non-parent
smoke73,3,Man,Non-parent
smoke79,3,Woman,Non-parent
smoke84,3,Woman,Parent
smoke91,3,Woman,Parent
smoke93,3,Man,Parent
smoke98,3,Man,Parent
snack14,3,Man,Parent
snack17,3,Man,Parent
snack35,3,Woman,Parent
snack39,3,Woman,Non-parent
snack44,3,Man,Non-parent
snack88,3,Man,Parent
snow10,3,Woman,Non-parent
snow28,3,Man,Non-parent
snow30,3,Woman,Parent
snow41,3,Man,Non-parent
snow81,3,Man,Non-parent
snow87,3,Man,Non-parent
snow89,3,Woman,Parent
snow91,3,Woman,Parent
snow98,3,Woman,Non-parent
soda15,3,Man,Parent
soda30,3,Man,Non-parent
soda51,3,Man,Parent
soda60,3,Woman,Parent
soda7,3,Woman,Non-parent
soda75,3,Woman,Non-parent
soda78,3,Man,Non-parent
soda82,3,Woman,Parent
soda95,3,Man,Parent
soup29,3,Man,Parent
soup3,3,Woman,Parent
soup43,3,Woman,Non-parent
soup46,3,Man,Non-parent
soup49,3,Woman,Non-parent
soup56,3,Man,Non-parent
soup75,3,Woman,Non-parent
soup91,3,Man,Non-parent
south13,3,Woman,Parent
south25,3,Man,Non-parent
south33,3,Man,Parent
south4,3,Woman,Parent
south56,3,Woman,Parent
south84,3,Woman,Parent
south85,3,Man,Parent
south97,3,Man,Parent
storm15,3,Man,Non-parent
storm25,3,Woman,Non-parent
storm28,3,Woman,Parent
storm31,3,Man,Non-parent
storm63,3,Woman,Parent
storm66,3,Man,Parent
stream33,3,Man,Parent
stream34,3,Woman,Non-parent
stream49,3,Man,Non-parent
stream53,3,Man,Non-parent
stream64,3,Man,Parent
stream69,3,Woman,Parent
stream77,3,Woman,Non-parent
stream8,3,Woman,Parent
stream9,3,Woman,Parent
street40,3,Woman,Parent
street64,3,Woman,Non-parent
street83,3,Man,Parent
street9,3,Man,Non-parent
surf24,3,Man,Non-parent
surf44,3,Man,Parent
surf6,3,Man,Parent
surf63,3,Man,Parent
surf70,3,Man,Non-parent
surf82,3,Woman,Non-parent
surf94,3,Woman,Non-parent
swim23,3,Woman,Parent
swim3,3,Man,Non-parent
swim31,3,Woman,Non-parent
swim44,3,Man,Parent
tea100,3,Woman,Parent
tea25,3,Man,Non-parent
tea33,3,Woman,Parent
tea35,3,Woman,Parent
tea36,3,Woman,Non-parent
tea42,3,Man,Parent
tea59,3,Man,Non-parent
tea61,3,Woman,Parent
tea63,3,Man,Parent
tea78,3,Woman,Non-parent
tea89,3,Man,Parent
tea93,3,Man,Non-parent
thunder10,3,Woman,Parent
thunder18,3,Woman,Parent
thunder19,3,Woman,Non-parent
thunder2,3,Woman,Non-parent
thunder20,3,Woman,Non-parent
thunder28,3,Woman,Parent
thunder30,3,Man,Non-parent
thunder42,3,Man,Non-parent
thunder45,3,Man,Parent
thunder48,3,Man,Non-parent
thunder49,3,Woman,Parent
thunder6,3,Man,Parent
thunder60,3,Woman,Parent
thunder74,3,Man,Non-parent
thunder81,3,Man,Non-parent
tire18,3,Woman,Non-parent
tire30,3,Woman,Parent
tire60,3,Man,Parent
tire71,3,Woman,Parent
tire79,3,Woman,Non-parent
tire8,3,Woman,Parent
tire80,3,Woman,Parent
tire85,3,Woman,Non-parent
traffic11,3,Woman,Non-parent
traffic14,3,Woman,Non-parent
traffic15,3,Woman,Parent
traffic17,3,Man,Non-parent
traffic63,3,Woman,Non-parent
traffic7,3,Man,Non-parent
traffic96,3,Woman,Parent
tree20,3,Man,Parent
tree31,3,Man,Parent
tree32,3,Woman,Non-parent
tree45,3,Woman,Non-parent
tree58,3,Man,Non-parent
tree64,3,Woman,Parent
tree96,3,Woman,Parent
umbrella1,3,Woman,Parent
umbrella22,3,Woman,Non-parent
umbrella42,3,Woman,Parent
umbrella45,3,Woman,Non-parent
umbrella51,3,Man,Parent
umbrella60,3,Woman,Parent
umbrella71,3,Woman,Non-parent
umbrella73,3,Man,Non-parent
umbrella92,3,Man,Non-parent
umbrella99,3,Woman,Non-parent
wake17,3,Woman,Non-parent
wake28,3,Woman,Parent
wake52,3,Man,Non-parent
wake60,3,Man,Non-parent
wake64,3,Man,Parent
wake74,3,Woman,Parent
wake80,3,Woman,Parent
wake99,3,Man,Non-parent
walk26,3,Woman,Parent
walk49,3,Man,Parent
walk50,3,Man,Non-parent
walk61,3,Man,Parent
walk85,3,Woman,Non-parent
waves10,3,Woman,Non-parent
waves12,3,Man,Non-parent
waves14,3,Man,Parent
waves6,3,Man,Non-parent
waves70,3,Man,Parent
waves91,3,Man,Non-parent
waves92,3,Woman,Parent
waves98,3,Woman,Non-parent
west24,3,Man,Non-parent
wind18,3,Woman,Non-parent
wind5,3,Woman,Non-parent
wind76,3,Woman,Parent
wind78,3,Woman,Non-parent
yellow13,3,Woman,Non-parent
yellow46,3,Man,Parent
yellow54,3,Woman,Parent
yellow60,3,Man,Parent
yellow72,3,Man,Non-parent
yellow89,3,Man,Non-parent
yellow97,3,Man,Non-parent
