air14,man,FALSE,1
air22,man,TRUE,1
air23,woman,TRUE,1
air27,woman,TRUE,1
air40,woman,FALSE,1
air42,woman,FALSE,1
air47,woman,FALSE,1
air55,man,FALSE,1
air67,woman,TRUE,1
air7,woman,FALSE,1
air79,woman,FALSE,1
air86,woman,TRUE,1
air88,woman,TRUE,1
air91,woman,TRUE,1
air94,woman,TRUE,1
air95,man,FALSE,1
air98,woman,TRUE,1
alaska16,woman,TRUE,1
alaska23,man,FALSE,1
alaska25,woman,FALSE,1
alaska36,woman,TRUE,1
alaska4,man,TRUE,1
alaska42,man,FALSE,1
alaska48,woman,FALSE,1
alaska53,woman,FALSE,1
alaska57,man,TRUE,1
alaska82,man,TRUE,1
alaska85,man,TRUE,1
alaska9,man,TRUE,1
alaska97,man,TRUE,1
alaska99,woman,TRUE,1
beach12,man,FALSE,1
beach18,woman,TRUE,1
beach2,man,TRUE,1
beach22,woman,FALSE,1
beach27,woman,FALSE,1
beach29,man,TRUE,1
beach42,man,FALSE,1
beach47,man,TRUE,1
beach62,woman,TRUE,1
beach73,man,FALSE,1
beach78,man,FALSE,1
beach79,woman,FALSE,1
beach85,man,FALSE,1
beach88,man,TRUE,1
beach89,woman,TRUE,1
beach9,man,TRUE,1
beach95,man,TRUE,1
beach98,woman,FALSE,1
bike11,man,FALSE,1
bike12,man,FALSE,1
bike15,man,FALSE,1
bike22,woman,TRUE,1
bike30,woman,TRUE,1
bike40,man,TRUE,1
bike49,man,TRUE,1
bike55,man,FALSE,1
bike60,woman,TRUE,1
bike61,man,FALSE,1
bike64,man,FALSE,1
bike65,man,FALSE,1
bike76,woman,TRUE,1
bike77,man,TRUE,1
bike82,woman,TRUE,1
bike92,woman,FALSE,1
bike93,man,TRUE,1
bike94,man,FALSE,1
blue1,woman,TRUE,1
blue15,woman,TRUE,1
blue28,woman,TRUE,1
blue41,man,TRUE,1
blue53,woman,TRUE,1
blue61,woman,FALSE,1
blue71,woman,FALSE,1
blue78,man,TRUE,1
blue8,woman,FALSE,1
blue83,woman,TRUE,1
blue99,woman,TRUE,1
boat1,woman,TRUE,1
boat25,woman,TRUE,1
boat39,woman,TRUE,1
boat4,man,TRUE,1
boat43,woman,FALSE,1
boat47,man,FALSE,1
boat50,man,FALSE,1
boat52,man,FALSE,1
boat56,man,TRUE,1
boat62,woman,FALSE,1
boat67,man,TRUE,1
boat70,man,TRUE,1
boat73,man,TRUE,1
boat78,woman,TRUE,1
boat94,man,FALSE,1
burger12,man,TRUE,1
burger18,man,FALSE,1
burger21,man,TRUE,1
burger23,woman,FALSE,1
burger26,woman,FALSE,1
burger30,man,TRUE,1
burger36,man,TRUE,1
burger46,woman,TRUE,1
burger54,woman,TRUE,1
burger59,woman,TRUE,1
burger61,woman,FALSE,1
burger62,man,FALSE,1
burger70,woman,FALSE,1
burger78,man,FALSE,1
burger88,man,TRUE,1
burger92,man,TRUE,1
burger96,woman,FALSE,1
burger97,man,TRUE,1
cake10,man,TRUE,1
cake15,woman,TRUE,1
cake20,woman,FALSE,1
cake22,man,TRUE,1
cake28,woman,TRUE,1
cake37,man,FALSE,1
cake39,woman,TRUE,1
cake45,woman,TRUE,1
cake51,woman,FALSE,1
cake62,woman,FALSE,1
cake64,woman,FALSE,1
cake66,man,FALSE,1
cake67,man,FALSE,1
cake74,woman,FALSE,1
cake9,man,FALSE,1
cake98,man,FALSE,1
canal10,woman,FALSE,1
canal12,man,FALSE,1
canal29,man,FALSE,1
canal3,man,TRUE,1
canal34,woman,TRUE,1
canal43,man,TRUE,1
canal45,man,TRUE,1
canal48,man,FALSE,1
canal49,woman,FALSE,1
canal50,man,TRUE,1
canal62,woman,FALSE,1
canal70,man,FALSE,1
canal71,woman,TRUE,1
canal78,woman,TRUE,1
canal8,man,FALSE,1
canal83,woman,TRUE,1
canal9,man,TRUE,1
canal97,man,FALSE,1
canal98,woman,TRUE,1
canal99,woman,FALSE,1
canoe39,man,TRUE,1
canoe43,woman,FALSE,1
canoe48,man,FALSE,1
canoe51,man,TRUE,1
canoe53,man,TRUE,1
canoe55,man,TRUE,1
canoe64,man,FALSE,1
canoe65,man,FALSE,1
canoe66,man,FALSE,1
canoe70,woman,TRUE,1
canoe71,man,TRUE,1
canoe73,man,FALSE,1
canoe80,man,TRUE,1
canoe84,man,TRUE,1
canoe87,man,FALSE,1
canoe91,woman,FALSE,1
canoe93,woman,TRUE,1
canoe95,woman,FALSE,1
canyon1,man,FALSE,1
canyon100,woman,TRUE,1
canyon11,woman,FALSE,1
canyon39,woman,TRUE,1
canyon52,woman,TRUE,1
canyon55,woman,FALSE,1
canyon58,man,FALSE,1
canyon66,man,FALSE,1
canyon68,woman,FALSE,1
canyon70,man,TRUE,1
canyon85,woman,FALSE,1
canyon88,man,FALSE,1
canyon9,man,FALSE,1
carrot1,woman,TRUE,1
carrot10,woman,TRUE,1
carrot13,woman,FALSE,1
carrot19,woman,FALSE,1
carrot21,man,TRUE,1
carrot23,woman,TRUE,1
carrot32,woman,FALSE,1
carrot37,man,FALSE,1
carrot52,man,TRUE,1
carrot53,woman,TRUE,1
carrot60,woman,FALSE,1
carrot73,man,FALSE,1
carrot74,man,TRUE,1
carrot76,man,FALSE,1
carrot79,man,TRUE,1
carrot85,woman,FALSE,1
carrot88,woman,FALSE,1
carrot93,woman,FALSE,1
carrot96,woman,TRUE,1
chicken10,man,FALSE,1
chicken40,woman,FALSE,1
chicken42,man,TRUE,1
chicken47,man,TRUE,1
chicken57,man,TRUE,1
chicken76,man,FALSE,1
chicken8,woman,TRUE,1
chicken81,woman,FALSE,1
chicken89,man,TRUE,1
chicken92,woman,TRUE,1
chicken93,man,TRUE,1
chicken94,woman,FALSE,1
chicken97,man,FALSE,1
chicken99,man,TRUE,1
cliff13,woman,TRUE,1
cliff25,man,FALSE,1
cliff27,man,TRUE,1
cliff39,man,TRUE,1
cliff41,woman,FALSE,1
cliff42,man,FALSE,1
cliff44,man,TRUE,1
cliff50,man,FALSE,1
cliff57,woman,FALSE,1
cliff65,man,TRUE,1
cliff68,man,FALSE,1
cliff76,man,FALSE,1
cliff83,woman,TRUE,1
cliff86,woman,TRUE,1
cliff88,woman,TRUE,1
cliff9,woman,FALSE,1
cliff98,man,FALSE,1
climb11,woman,FALSE,1
climb16,man,FALSE,1
climb17,woman,FALSE,1
climb20,woman,FALSE,1
climb25,man,TRUE,1
climb27,man,TRUE,1
climb28,man,FALSE,1
climb39,man,FALSE,1
climb4,woman,FALSE,1
climb43,man,FALSE,1
climb53,man,TRUE,1
climb57,man,TRUE,1
climb6,man,FALSE,1
climb60,woman,FALSE,1
climb63,man,TRUE,1
climb64,man,FALSE,1
climb69,man,FALSE,1
climb70,woman,TRUE,1
climb72,woman,FALSE,1
climb76,woman,FALSE,1
climb83,woman,TRUE,1
climb88,man,TRUE,1
climb89,man,TRUE,1
climb93,woman,TRUE,1
climb95,woman,TRUE,1
coffee10,woman,FALSE,1
coffee100,man,TRUE,1
coffee16,woman,TRUE,1
coffee18,woman,TRUE,1
coffee36,woman,TRUE,1
coffee4,woman,TRUE,1
coffee45,woman,TRUE,1
coffee5,man,FALSE,1
coffee57,woman,FALSE,1
coffee60,woman,FALSE,1
coffee71,man,TRUE,1
coffee75,woman,FALSE,1
coffee79,man,TRUE,1
coffee85,man,TRUE,1
coffee87,man,TRUE,1
coffee9,man,TRUE,1
coffee90,man,FALSE,1
coffee92,woman,FALSE,1
cookie11,man,TRUE,1
cookie13,man,FALSE,1
cookie16,woman,FALSE,1
cookie22,woman,FALSE,1
cookie27,woman,TRUE,1
cookie28,woman,TRUE,1
cookie29,man,TRUE,1
cookie30,man,TRUE,1
cookie41,man,TRUE,1
cookie44,man,TRUE,1
cookie53,man,FALSE,1
cookie79,man,TRUE,1
cookie80,woman,FALSE,1
cookie83,woman,TRUE,1
cookie84,woman,TRUE,1
cookie85,man,TRUE,1
dinner10,woman,FALSE,1
dinner14,woman,TRUE,1
dinner17,man,FALSE,1
dinner20,woman,FALSE,1
dinner22,woman,TRUE,1
dinner34,woman,FALSE,1
dinner4,woman,TRUE,1
dinner49,woman,FALSE,1
dinner5,woman,TRUE,1
dinner65,man,TRUE,1
dinner7,woman,FALSE,1
dinner71,woman,FALSE,1
dinner80,woman,FALSE,1
dinner84,woman,TRUE,1
dinner92,man,FALSE,1
dinner98,man,TRUE,1
dive100,woman,TRUE,1
dive12,man,TRUE,1
dive18,woman,TRUE,1
dive19,woman,FALSE,1
dive2,woman,TRUE,1
dive22,woman,FALSE,1
dive25,man,TRUE,1
dive26,woman,FALSE,1
dive41,woman,TRUE,1
dive44,man,TRUE,1
dive5,man,FALSE,1
dive53,man,TRUE,1
dive62,man,FALSE,1
dive63,man,TRUE,1
dive66,woman,FALSE,1
dive76,woman,FALSE,1
dive85,woman,FALSE,1
dive93,woman,FALSE,1
dive97,woman,FALSE,1
drink11,man,TRUE,1
drink14,man,TRUE,1
drink15,woman,FALSE,1
drink17,man,TRUE,1
drink21,man,FALSE,1
drink3,man,TRUE,1
drink30,man,FALSE,1
drink33,man,FALSE,1
drink38,man,TRUE,1
drink50,woman,FALSE,1
drink53,man,TRUE,1
drink70,man,TRUE,1
drink71,man,TRUE,1
drink78,man,TRUE,1
drink8,woman,FALSE,1
drink85,woman,FALSE,1
drink9,woman,TRUE,1
east11,woman,TRUE,1
east12,man,FALSE,1
east26,woman,FALSE,1
east34,woman,TRUE,1
east44,woman,TRUE,1
east46,man,TRUE,1
east56,woman,TRUE,1
east6,man,TRUE,1
east62,man,FALSE,1
east67,man,FALSE,1
east69,woman,FALSE,1
east70,woman,FALSE,1
east71,woman,FALSE,1
east75,woman,FALSE,1
east77,woman,FALSE,1
east83,woman,TRUE,1
east84,man,FALSE,1
east85,man,FALSE,1
east86,woman,TRUE,1
east95,man,TRUE,1
east98,man,FALSE,1
eat14,woman,TRUE,1
eat15,man,FALSE,1
eat16,woman,FALSE,1
eat18,woman,TRUE,1
eat2,woman,TRUE,1
eat21,man,TRUE,1
eat23,man,FALSE,1
eat29,woman,FALSE,1
eat31,woman,TRUE,1
eat32,man,FALSE,1
eat43,woman,FALSE,1
eat51,man,TRUE,1
eat61,woman,FALSE,1
eat63,woman,TRUE,1
eat71,man,FALSE,1
eat74,woman,FALSE,1
eat84,woman,TRUE,1
eat91,man,TRUE,1
eggs1,woman,TRUE,1
eggs34,woman,TRUE,1
eggs37,man,TRUE,1
eggs38,man,FALSE,1
eggs66,man,FALSE,1
eggs70,man,TRUE,1
eggs72,woman,FALSE,1
fall31,man,TRUE,1
fall32,woman,TRUE,1
fall33,man,TRUE,1
fall37,man,TRUE,1
fall41,woman,TRUE,1
fall46,woman,TRUE,1
fall48,woman,TRUE,1
fall5,man,FALSE,1
fall62,woman,FALSE,1
fall7,woman,FALSE,1
fall76,woman,TRUE,1
fall84,man,TRUE,1
fall94,woman,TRUE,1
fall96,woman,FALSE,1
field1,woman,TRUE,1
field13,woman,TRUE,1
field17,woman,FALSE,1
field2,woman,TRUE,1
field21,man,FALSE,1
field22,woman,TRUE,1
field26,woman,FALSE,1
field4,man,TRUE,1
field43,man,TRUE,1
field46,woman,TRUE,1
field56,man,FALSE,1
field60,man,FALSE,1
field74,woman,FALSE,1
field75,man,FALSE,1
field82,man,TRUE,1
field84,woman,FALSE,1
field98,woman,FALSE,1
field99,woman,TRUE,1
florida10,woman,FALSE,1
florida12,man,TRUE,1
florida17,woman,TRUE,1
florida18,woman,TRUE,1
florida22,woman,TRUE,1
florida27,man,TRUE,1
florida33,woman,FALSE,1
florida35,woman,FALSE,1
florida36,woman,FALSE,1
florida41,woman,TRUE,1
florida43,man,TRUE,1
florida54,woman,TRUE,1
florida56,woman,TRUE,1
florida58,man,FALSE,1
florida6,woman,FALSE,1
florida67,woman,TRUE,1
florida69,man,TRUE,1
florida73,man,FALSE,1
florida76,woman,TRUE,1
florida81,man,TRUE,1
florida85,woman,FALSE,1
florida89,man,FALSE,1
florida92,woman,FALSE,1
florida98,woman,TRUE,1
gold13,woman,FALSE,1
gold23,man,TRUE,1
gold30,man,FALSE,1
gold32,man,FALSE,1
gold33,woman,FALSE,1
gold34,woman,FALSE,1
gold36,woman,FALSE,1
gold60,man,FALSE,1
gold61,man,TRUE,1
gold69,woman,FALSE,1
gold78,woman,FALSE,1
gold81,woman,FALSE,1
gold86,man,FALSE,1
gold89,man,TRUE,1
gold9,man,FALSE,1
gold93,man,FALSE,1
gold95,woman,TRUE,1
gold97,man,FALSE,1
gold98,man,TRUE,1
green1,woman,TRUE,1
green13,man,TRUE,1
green15,woman,TRUE,1
green20,man,TRUE,1
green25,woman,FALSE,1
green26,man,TRUE,1
green28,man,FALSE,1
green43,man,FALSE,1
green49,woman,FALSE,1
green6,woman,TRUE,1
green68,woman,FALSE,1
green69,woman,FALSE,1
green75,woman,TRUE,1
green84,man,FALSE,1
green86,man,FALSE,1
green97,man,FALSE,1
hike1,woman,FALSE,1
hike11,woman,TRUE,1
hike13,man,TRUE,1
hike27,woman,TRUE,1
hike28,woman,FALSE,1
hike40,woman,TRUE,1
hike47,man,TRUE,1
hike5,man,TRUE,1
hike59,man,FALSE,1
hike64,man,FALSE,1
hike67,woman,TRUE,1
hike70,woman,FALSE,1
hike73,man,FALSE,1
hike74,woman,FALSE,1
hike75,man,FALSE,1
hike78,woman,FALSE,1
hike9,woman,TRUE,1
hike90,man,FALSE,1
hike91,man,TRUE,1
hike96,man,TRUE,1
hike97,man,TRUE,1
hike99,woman,FALSE,1
air14,man,TRUE,2
air22,man,FALSE,2
air23,woman,FALSE,2
air27,woman,FALSE,2
air40,woman,TRUE,2
air42,woman,TRUE,2
air47,woman,TRUE,2
air55,man,TRUE,2
air67,woman,FALSE,2
air7,woman,TRUE,2
air79,woman,TRUE,2
air86,woman,FALSE,2
air88,woman,FALSE,2
air91,woman,FALSE,2
air94,woman,FALSE,2
air95,man,TRUE,2
air98,woman,FALSE,2
alaska16,woman,FALSE,2
alaska23,man,TRUE,2
alaska25,woman,TRUE,2
alaska4,man,FALSE,2
alaska42,man,TRUE,2
alaska48,woman,TRUE,2
alaska53,woman,TRUE,2
alaska57,man,FALSE,2
alaska82,man,FALSE,2
alaska85,man,FALSE,2
alaska97,man,FALSE,2
alaska99,woman,FALSE,2
beach12,man,TRUE,2
beach18,woman,FALSE,2
beach2,man,FALSE,2
beach22,woman,TRUE,2
beach27,woman,TRUE,2
beach29,man,FALSE,2
beach42,man,TRUE,2
beach47,man,FALSE,2
beach62,woman,FALSE,2
beach73,man,TRUE,2
beach78,man,TRUE,2
beach79,woman,TRUE,2
beach85,man,TRUE,2
beach88,man,FALSE,2
beach89,woman,FALSE,2
beach9,man,FALSE,2
beach95,man,FALSE,2
beach98,woman,TRUE,2
bike11,man,TRUE,2
bike12,man,TRUE,2
bike15,man,TRUE,2
bike22,woman,FALSE,2
bike30,woman,FALSE,2
bike40,man,FALSE,2
bike49,man,FALSE,2
bike55,man,TRUE,2
bike60,woman,FALSE,2
bike64,man,TRUE,2
bike65,man,TRUE,2
bike76,woman,FALSE,2
bike77,man,FALSE,2
bike82,woman,FALSE,2
bike92,woman,TRUE,2
bike93,man,FALSE,2
bike94,man,TRUE,2
blue1,woman,FALSE,2
blue15,woman,FALSE,2
blue28,woman,FALSE,2
blue41,man,FALSE,2
blue53,woman,FALSE,2
blue61,woman,TRUE,2
blue71,woman,TRUE,2
blue78,man,FALSE,2
blue8,woman,TRUE,2
blue83,woman,FALSE,2
blue99,woman,FALSE,2
boat1,woman,FALSE,2
boat25,woman,FALSE,2
boat39,woman,FALSE,2
boat4,man,FALSE,2
boat43,woman,TRUE,2
boat47,man,TRUE,2
boat50,man,TRUE,2
boat52,man,TRUE,2
boat56,man,FALSE,2
boat62,woman,TRUE,2
boat67,man,FALSE,2
boat70,man,FALSE,2
boat73,man,FALSE,2
boat78,woman,FALSE,2
boat94,man,TRUE,2
burger12,man,FALSE,2
burger18,man,TRUE,2
burger21,man,FALSE,2
burger23,woman,TRUE,2
burger26,woman,TRUE,2
burger30,man,FALSE,2
burger36,man,FALSE,2
burger46,woman,FALSE,2
burger54,woman,FALSE,2
burger59,woman,FALSE,2
burger61,woman,TRUE,2
burger62,man,TRUE,2
burger70,woman,TRUE,2
burger78,man,TRUE,2
burger88,man,FALSE,2
burger92,man,FALSE,2
burger96,woman,TRUE,2
burger97,man,FALSE,2
cake10,man,FALSE,2
cake15,woman,FALSE,2
cake20,woman,TRUE,2
cake22,man,FALSE,2
cake28,woman,FALSE,2
cake37,man,TRUE,2
cake39,woman,FALSE,2
cake45,woman,FALSE,2
cake51,woman,TRUE,2
cake62,woman,TRUE,2
cake64,woman,TRUE,2
cake66,man,TRUE,2
cake67,man,TRUE,2
cake74,woman,TRUE,2
cake9,man,TRUE,2
cake98,man,TRUE,2
canal10,woman,TRUE,2
canal12,man,TRUE,2
canal29,man,TRUE,2
canal3,man,FALSE,2
canal34,woman,FALSE,2
canal43,man,FALSE,2
canal45,man,FALSE,2
canal49,woman,TRUE,2
canal50,man,FALSE,2
canal62,woman,TRUE,2
canal70,man,TRUE,2
canal71,woman,FALSE,2
canal78,woman,FALSE,2
canal8,man,TRUE,2
canal83,woman,FALSE,2
canal9,man,FALSE,2
canal97,man,TRUE,2
canal98,woman,FALSE,2
canal99,woman,TRUE,2
canoe39,man,FALSE,2
canoe43,woman,TRUE,2
canoe48,man,TRUE,2
canoe51,man,FALSE,2
canoe53,man,FALSE,2
canoe55,man,FALSE,2
canoe64,man,TRUE,2
canoe65,man,TRUE,2
canoe66,man,TRUE,2
canoe70,woman,FALSE,2
canoe71,man,FALSE,2
canoe73,man,TRUE,2
canoe80,man,FALSE,2
canoe84,man,FALSE,2
canoe87,man,TRUE,2
canoe91,woman,TRUE,2
canoe93,woman,FALSE,2
canoe95,woman,TRUE,2
canyon1,man,TRUE,2
canyon100,woman,FALSE,2
canyon11,woman,TRUE,2
canyon39,woman,FALSE,2
canyon52,woman,FALSE,2
canyon55,woman,TRUE,2
canyon58,man,TRUE,2
canyon66,man,TRUE,2
canyon68,woman,TRUE,2
canyon70,man,FALSE,2
canyon85,woman,TRUE,2
canyon88,man,TRUE,2
canyon9,man,TRUE,2
carrot1,woman,FALSE,2
carrot10,woman,FALSE,2
carrot13,woman,TRUE,2
carrot19,woman,TRUE,2
carrot21,man,FALSE,2
carrot37,man,TRUE,2
carrot52,man,FALSE,2
carrot53,woman,FALSE,2
carrot60,woman,TRUE,2
carrot73,man,TRUE,2
carrot74,man,FALSE,2
carrot76,man,TRUE,2
carrot79,man,FALSE,2
carrot85,woman,TRUE,2
carrot88,woman,TRUE,2
carrot93,woman,TRUE,2
carrot96,woman,FALSE,2
chicken10,man,TRUE,2
chicken40,woman,TRUE,2
chicken42,man,FALSE,2
chicken47,man,FALSE,2
chicken57,man,FALSE,2
chicken76,man,TRUE,2
chicken8,woman,FALSE,2
chicken81,woman,TRUE,2
chicken89,man,FALSE,2
chicken92,woman,FALSE,2
chicken93,man,FALSE,2
chicken94,woman,TRUE,2
chicken97,man,TRUE,2
chicken99,man,FALSE,2
cliff13,woman,FALSE,2
cliff25,man,TRUE,2
cliff27,man,FALSE,2
cliff39,man,FALSE,2
cliff41,woman,TRUE,2
cliff42,man,TRUE,2
cliff44,man,FALSE,2
cliff50,man,TRUE,2
cliff57,woman,TRUE,2
cliff65,man,FALSE,2
cliff68,man,TRUE,2
cliff76,man,TRUE,2
cliff83,woman,FALSE,2
cliff86,woman,FALSE,2
cliff88,woman,FALSE,2
cliff9,woman,TRUE,2
cliff98,man,TRUE,2
climb11,woman,TRUE,2
climb16,man,TRUE,2
climb17,woman,TRUE,2
climb25,man,FALSE,2
climb27,man,FALSE,2
climb28,man,TRUE,2
climb39,man,TRUE,2
climb4,woman,TRUE,2
climb43,man,TRUE,2
climb53,man,FALSE,2
climb57,man,FALSE,2
climb6,man,TRUE,2
climb60,woman,TRUE,2
climb63,man,FALSE,2
climb64,man,TRUE,2
climb69,man,TRUE,2
climb70,woman,FALSE,2
climb72,woman,TRUE,2
climb76,woman,TRUE,2
climb83,woman,FALSE,2
climb88,man,FALSE,2
climb89,man,FALSE,2
climb93,woman,FALSE,2
climb95,woman,FALSE,2
coffee10,woman,TRUE,2
coffee100,man,FALSE,2
coffee16,woman,FALSE,2
coffee18,woman,FALSE,2
coffee36,woman,FALSE,2
coffee4,woman,FALSE,2
coffee45,woman,FALSE,2
coffee57,woman,TRUE,2
coffee71,man,FALSE,2
coffee75,woman,TRUE,2
coffee79,man,FALSE,2
coffee85,man,FALSE,2
coffee87,man,FALSE,2
coffee9,man,FALSE,2
coffee90,man,TRUE,2
coffee92,woman,TRUE,2
cookie11,man,FALSE,2
cookie13,man,TRUE,2
cookie16,woman,TRUE,2
cookie22,woman,TRUE,2
cookie27,woman,FALSE,2
cookie28,woman,FALSE,2
cookie29,man,FALSE,2
cookie30,man,FALSE,2
cookie41,man,FALSE,2
cookie44,man,FALSE,2
cookie53,man,TRUE,2
cookie79,man,FALSE,2
cookie83,woman,FALSE,2
cookie85,man,FALSE,2
dinner10,woman,TRUE,2
dinner14,woman,FALSE,2
dinner17,man,TRUE,2
dinner20,woman,TRUE,2
dinner34,woman,TRUE,2
dinner4,woman,FALSE,2
dinner49,woman,TRUE,2
dinner5,woman,FALSE,2
dinner65,man,FALSE,2
dinner7,woman,TRUE,2
dinner71,woman,TRUE,2
dinner80,woman,TRUE,2
dinner84,woman,FALSE,2
dinner92,man,TRUE,2
dinner98,man,FALSE,2
dive100,woman,FALSE,2
dive12,man,FALSE,2
dive18,woman,FALSE,2
dive19,woman,TRUE,2
dive2,woman,FALSE,2
dive22,woman,TRUE,2
dive25,man,FALSE,2
dive26,woman,TRUE,2
dive41,woman,FALSE,2
dive44,man,FALSE,2
dive5,man,TRUE,2
dive53,man,FALSE,2
dive62,man,TRUE,2
dive66,woman,TRUE,2
dive76,woman,TRUE,2
dive85,woman,TRUE,2
dive93,woman,TRUE,2
dive97,woman,TRUE,2
drink11,man,FALSE,2
drink14,man,FALSE,2
drink15,woman,TRUE,2
drink17,man,FALSE,2
drink21,man,TRUE,2
drink3,man,FALSE,2
drink30,man,TRUE,2
drink33,man,TRUE,2
drink38,man,FALSE,2
drink50,woman,TRUE,2
drink53,man,FALSE,2
drink70,man,FALSE,2
drink71,man,FALSE,2
drink78,man,FALSE,2
drink8,woman,TRUE,2
drink85,woman,TRUE,2
drink9,woman,FALSE,2
east11,woman,FALSE,2
east12,man,TRUE,2
east26,woman,TRUE,2
east44,woman,FALSE,2
east46,man,FALSE,2
east56,woman,FALSE,2
east6,man,FALSE,2
east62,man,TRUE,2
east70,woman,TRUE,2
east71,woman,TRUE,2
east75,woman,TRUE,2
east77,woman,TRUE,2
east83,woman,FALSE,2
east84,man,TRUE,2
east85,man,TRUE,2
east86,woman,FALSE,2
east98,man,TRUE,2
eat14,woman,FALSE,2
eat15,man,TRUE,2
eat16,woman,TRUE,2
eat18,woman,FALSE,2
eat2,woman,FALSE,2
eat21,man,FALSE,2
eat23,man,TRUE,2
eat29,woman,TRUE,2
eat31,woman,FALSE,2
eat32,man,TRUE,2
eat43,woman,TRUE,2
eat51,man,FALSE,2
eat61,woman,TRUE,2
eat63,woman,FALSE,2
eat71,man,TRUE,2
eat74,woman,TRUE,2
eat84,woman,FALSE,2
eat91,man,FALSE,2
eggs1,woman,FALSE,2
eggs34,woman,FALSE,2
eggs37,man,FALSE,2
eggs38,man,TRUE,2
eggs66,man,TRUE,2
eggs70,man,FALSE,2
eggs72,woman,TRUE,2
fall31,man,FALSE,2
fall32,woman,FALSE,2
fall33,man,FALSE,2
fall37,man,FALSE,2
fall41,woman,FALSE,2
fall46,woman,FALSE,2
fall48,woman,FALSE,2
fall62,woman,TRUE,2
fall84,man,FALSE,2
fall94,woman,FALSE,2
fall96,woman,TRUE,2
field1,woman,FALSE,2
field13,woman,FALSE,2
field17,woman,TRUE,2
field2,woman,FALSE,2
field21,man,TRUE,2
field22,woman,FALSE,2
field26,woman,TRUE,2
field4,man,FALSE,2
field43,man,FALSE,2
field46,woman,FALSE,2
field56,man,TRUE,2
field60,man,TRUE,2
field74,woman,TRUE,2
field75,man,TRUE,2
field82,man,FALSE,2
field84,woman,TRUE,2
field98,woman,TRUE,2
field99,woman,FALSE,2
florida10,woman,TRUE,2
florida12,man,FALSE,2
florida17,woman,FALSE,2
florida18,woman,FALSE,2
florida22,woman,FALSE,2
florida27,man,FALSE,2
florida33,woman,TRUE,2
florida35,woman,TRUE,2
florida36,woman,TRUE,2
florida41,woman,FALSE,2
florida43,man,FALSE,2
florida54,woman,FALSE,2
florida56,woman,FALSE,2
florida58,man,TRUE,2
florida6,woman,TRUE,2
florida67,woman,FALSE,2
florida69,man,FALSE,2
florida73,man,TRUE,2
florida76,woman,FALSE,2
florida81,man,FALSE,2
florida85,woman,TRUE,2
florida89,man,TRUE,2
florida92,woman,TRUE,2
florida98,woman,FALSE,2
gold13,woman,TRUE,2
gold23,man,FALSE,2
gold30,man,TRUE,2
gold32,man,TRUE,2
gold33,woman,TRUE,2
gold34,woman,TRUE,2
gold36,woman,TRUE,2
gold60,man,TRUE,2
gold61,man,FALSE,2
gold69,woman,TRUE,2
gold78,woman,TRUE,2
gold81,woman,TRUE,2
gold86,man,TRUE,2
gold89,man,FALSE,2
gold9,man,TRUE,2
gold93,man,TRUE,2
gold95,woman,FALSE,2
gold97,man,TRUE,2
gold98,man,FALSE,2
green1,woman,FALSE,2
green13,man,FALSE,2
green15,woman,FALSE,2
green20,man,FALSE,2
green25,woman,TRUE,2
green26,man,FALSE,2
green28,man,TRUE,2
green43,man,TRUE,2
green49,woman,TRUE,2
green6,woman,FALSE,2
green68,woman,TRUE,2
green69,woman,TRUE,2
green84,man,TRUE,2
green86,man,TRUE,2
green97,man,TRUE,2
hike1,woman,TRUE,2
hike11,woman,FALSE,2
hike13,man,FALSE,2
hike27,woman,FALSE,2
hike28,woman,TRUE,2
hike40,woman,FALSE,2
hike47,man,FALSE,2
hike5,man,FALSE,2
hike59,man,TRUE,2
hike64,man,TRUE,2
hike73,man,TRUE,2
hike74,woman,TRUE,2
hike75,man,TRUE,2
hike78,woman,TRUE,2
hike9,woman,FALSE,2
hike90,man,TRUE,2
hike91,man,FALSE,2
hike96,man,FALSE,2
hike97,man,FALSE,2
hike99,woman,TRUE,2
hill1,woman,FALSE,1
hill10,woman,FALSE,1
hill100,woman,FALSE,1
hill18,woman,FALSE,1
hill19,woman,FALSE,1
hill20,man,TRUE,1
hill21,man,FALSE,1
hill25,woman,TRUE,1
hill27,man,FALSE,1
hill28,man,TRUE,1
hill39,woman,TRUE,1
hill51,woman,FALSE,1
hill52,woman,FALSE,1
hill66,man,FALSE,1
hill70,woman,FALSE,1
hill74,man,TRUE,1
hill75,man,TRUE,1
hill79,woman,TRUE,1
hill8,woman,FALSE,1
hill86,woman,FALSE,1
ice22,man,TRUE,1
ice23,woman,FALSE,1
ice24,woman,FALSE,1
ice28,woman,TRUE,1
ice33,man,FALSE,1
ice34,man,FALSE,1
ice40,man,TRUE,1
ice41,woman,TRUE,1
ice46,man,TRUE,1
ice56,woman,TRUE,1
ice64,woman,TRUE,1
ice7,man,FALSE,1
ice84,woman,TRUE,1
ice88,woman,FALSE,1
idaho1,woman,TRUE,1
idaho14,man,FALSE,1
idaho17,man,FALSE,1
idaho18,woman,TRUE,1
idaho19,man,FALSE,1
idaho20,man,FALSE,1
idaho21,woman,TRUE,1
idaho31,woman,TRUE,1
idaho33,man,FALSE,1
idaho39,woman,TRUE,1
idaho48,woman,FALSE,1
idaho5,woman,FALSE,1
idaho51,woman,TRUE,1
idaho55,woman,FALSE,1
idaho56,man,TRUE,1
idaho63,woman,FALSE,1
idaho64,man,FALSE,1
idaho69,man,FALSE,1
idaho71,woman,TRUE,1
idaho8,man,FALSE,1
idaho83,man,TRUE,1
idaho85,woman,FALSE,1
idaho87,woman,TRUE,1
idaho89,woman,FALSE,1
idaho90,man,FALSE,1
idaho93,woman,FALSE,1
idaho96,woman,TRUE,1
island1,woman,FALSE,1
island13,woman,TRUE,1
island17,woman,TRUE,1
island19,woman,FALSE,1
island20,woman,TRUE,1
island23,woman,TRUE,1
island26,man,FALSE,1
island32,woman,FALSE,1
island39,woman,TRUE,1
island50,woman,FALSE,1
island58,woman,FALSE,1
island60,man,TRUE,1
island64,man,FALSE,1
island72,woman,FALSE,1
island76,woman,TRUE,1
island77,woman,FALSE,1
island80,man,FALSE,1
island82,man,TRUE,1
island84,man,TRUE,1
island96,man,FALSE,1
jump13,woman,TRUE,1
jump19,man,TRUE,1
jump2,woman,TRUE,1
jump23,man,TRUE,1
jump31,woman,TRUE,1
jump39,man,FALSE,1
jump40,man,TRUE,1
jump43,man,TRUE,1
jump45,man,FALSE,1
jump47,man,TRUE,1
jump49,man,FALSE,1
jump50,woman,FALSE,1
jump56,man,FALSE,1
jump60,woman,FALSE,1
jump71,man,FALSE,1
jump84,man,TRUE,1
jump86,man,FALSE,1
jump9,woman,FALSE,1
jump91,man,TRUE,1
jump97,woman,TRUE,1
jump98,man,FALSE,1
lake1,woman,FALSE,1
lake10,woman,FALSE,1
lake28,woman,TRUE,1
lake37,man,FALSE,1
lake39,man,FALSE,1
lake41,man,TRUE,1
lake46,woman,TRUE,1
lake47,man,TRUE,1
lake55,man,TRUE,1
lake56,woman,FALSE,1
lake70,woman,FALSE,1
lake73,woman,FALSE,1
lake77,man,TRUE,1
lake78,woman,FALSE,1
lake81,woman,FALSE,1
lake82,woman,FALSE,1
lake83,man,TRUE,1
lake84,man,TRUE,1
lake86,man,FALSE,1
lake98,woman,TRUE,1
left1,woman,TRUE,1
left100,woman,TRUE,1
left12,man,FALSE,1
left14,woman,TRUE,1
left15,man,TRUE,1
left30,woman,FALSE,1
left41,man,FALSE,1
left45,man,FALSE,1
left46,woman,TRUE,1
left5,man,FALSE,1
left55,man,TRUE,1
left56,man,FALSE,1
left57,man,TRUE,1
left63,man,TRUE,1
left69,man,FALSE,1
left74,man,FALSE,1
left8,man,FALSE,1
left84,woman,FALSE,1
left85,man,TRUE,1
left93,man,TRUE,1
left99,man,TRUE,1
lunch18,woman,FALSE,1
lunch23,man,FALSE,1
lunch29,woman,FALSE,1
lunch3,man,TRUE,1
lunch37,man,FALSE,1
lunch39,woman,TRUE,1
lunch40,woman,FALSE,1
lunch43,woman,FALSE,1
lunch56,woman,TRUE,1
lunch59,woman,TRUE,1
lunch70,woman,TRUE,1
lunch74,man,TRUE,1
lunch86,man,FALSE,1
lunch87,woman,FALSE,1
lunch88,man,TRUE,1
lunch9,man,TRUE,1
lunch93,woman,FALSE,1
lunch96,man,FALSE,1
lunch99,woman,TRUE,1
mountain1,man,FALSE,1
mountain13,man,TRUE,1
mountain17,man,TRUE,1
mountain18,man,FALSE,1
mountain25,man,TRUE,1
mountain26,woman,TRUE,1
mountain3,man,TRUE,1
mountain33,man,TRUE,1
mountain38,woman,TRUE,1
mountain44,woman,TRUE,1
mountain58,man,TRUE,1
mountain76,woman,FALSE,1
mountain78,man,TRUE,1
mountain95,man,FALSE,1
mountain99,man,FALSE,1
north1,man,FALSE,1
north15,man,FALSE,1
north22,man,TRUE,1
north25,woman,FALSE,1
north27,man,FALSE,1
north3,woman,FALSE,1
north31,man,FALSE,1
north32,woman,TRUE,1
north34,man,FALSE,1
north49,man,TRUE,1
north52,man,FALSE,1
north60,woman,FALSE,1
north64,woman,TRUE,1
north76,man,TRUE,1
north77,woman,FALSE,1
north79,man,TRUE,1
north82,man,FALSE,1
north87,woman,TRUE,1
north90,man,FALSE,1
north92,man,FALSE,1
north94,man,FALSE,1
north95,man,FALSE,1
ocean11,man,FALSE,1
ocean14,man,FALSE,1
ocean16,man,TRUE,1
ocean2,man,TRUE,1
ocean31,man,FALSE,1
ocean41,woman,FALSE,1
ocean42,woman,TRUE,1
ocean6,man,TRUE,1
ocean70,man,TRUE,1
ocean74,man,TRUE,1
ocean8,woman,FALSE,1
ocean86,woman,TRUE,1
ocean9,man,FALSE,1
ocean97,woman,TRUE,1
ohio10,man,FALSE,1
ohio18,woman,FALSE,1
ohio20,man,FALSE,1
ohio23,man,FALSE,1
ohio3,man,FALSE,1
ohio37,man,FALSE,1
ohio38,woman,FALSE,1
ohio43,woman,TRUE,1
ohio5,woman,TRUE,1
ohio50,man,FALSE,1
ohio53,woman,FALSE,1
ohio56,woman,FALSE,1
ohio60,man,FALSE,1
ohio67,woman,FALSE,1
ohio74,woman,TRUE,1
ohio77,man,FALSE,1
ohio79,man,FALSE,1
ohio86,woman,TRUE,1
ohio96,woman,TRUE,1
olive11,woman,FALSE,1
olive14,man,FALSE,1
olive19,woman,TRUE,1
olive2,man,FALSE,1
olive36,woman,FALSE,1
olive44,man,FALSE,1
olive45,woman,TRUE,1
olive49,woman,TRUE,1
olive55,woman,FALSE,1
olive58,man,TRUE,1
olive6,woman,FALSE,1
olive62,woman,FALSE,1
olive69,woman,TRUE,1
olive7,man,FALSE,1
olive79,woman,FALSE,1
olive85,woman,TRUE,1
olive88,woman,TRUE,1
olive90,woman,FALSE,1
orange12,woman,FALSE,1
orange21,woman,FALSE,1
orange24,woman,FALSE,1
orange34,woman,TRUE,1
orange35,woman,FALSE,1
orange46,man,FALSE,1
orange47,man,TRUE,1
orange51,man,TRUE,1
orange52,man,TRUE,1
orange54,man,FALSE,1
orange61,woman,FALSE,1
orange65,woman,TRUE,1
orange67,woman,FALSE,1
orange76,woman,TRUE,1
orange78,woman,TRUE,1
orange82,woman,FALSE,1
orange86,man,TRUE,1
orange9,man,FALSE,1
orange94,woman,TRUE,1
pants100,man,TRUE,1
pants13,man,FALSE,1
pants14,man,TRUE,1
pants15,woman,TRUE,1
pants22,man,FALSE,1
pants25,man,TRUE,1
pants27,man,FALSE,1
pants32,man,TRUE,1
pants35,woman,TRUE,1
pants39,woman,TRUE,1
pants41,man,TRUE,1
pants42,man,TRUE,1
pants44,man,FALSE,1
pants54,man,FALSE,1
pants61,man,TRUE,1
pants62,woman,TRUE,1
pants65,woman,TRUE,1
pants7,woman,FALSE,1
pants70,woman,TRUE,1
pants71,woman,TRUE,1
pants73,woman,TRUE,1
pants74,man,TRUE,1
pants76,woman,FALSE,1
pants77,woman,TRUE,1
pants8,man,TRUE,1
pants80,woman,TRUE,1
pants86,man,TRUE,1
pants87,man,TRUE,1
pants96,woman,TRUE,1
pants97,man,TRUE,1
pants98,woman,TRUE,1
park13,man,FALSE,1
park20,man,FALSE,1
park21,woman,FALSE,1
park24,woman,FALSE,1
park25,man,TRUE,1
park3,man,FALSE,1
park34,man,FALSE,1
park41,woman,FALSE,1
park47,woman,TRUE,1
park48,woman,TRUE,1
park49,man,TRUE,1
park60,woman,FALSE,1
park64,woman,FALSE,1
park65,man,FALSE,1
park68,man,FALSE,1
park7,man,TRUE,1
park75,woman,FALSE,1
park82,man,TRUE,1
park90,man,FALSE,1
park97,woman,TRUE,1
pen12,woman,TRUE,1
pen18,man,TRUE,1
pen21,man,TRUE,1
pen24,man,TRUE,1
pen28,woman,FALSE,1
pen31,man,TRUE,1
pen38,man,TRUE,1
pen42,man,TRUE,1
pen43,woman,TRUE,1
pen56,woman,FALSE,1
pen59,woman,FALSE,1
pen67,man,TRUE,1
pen68,man,TRUE,1
pen77,man,TRUE,1
pen83,man,FALSE,1
pencil100,woman,FALSE,1
pencil13,woman,TRUE,1
pencil2,man,FALSE,1
pencil23,man,FALSE,1
pencil36,man,FALSE,1
pencil55,man,FALSE,1
pencil65,man,TRUE,1
pencil69,woman,FALSE,1
pencil70,woman,FALSE,1
pencil86,man,TRUE,1
pencil90,man,TRUE,1
pencil91,man,TRUE,1
phone12,man,FALSE,1
phone18,man,TRUE,1
phone28,woman,TRUE,1
phone3,woman,TRUE,1
phone31,man,FALSE,1
phone32,woman,FALSE,1
phone33,man,TRUE,1
phone37,man,FALSE,1
phone41,man,FALSE,1
phone54,woman,FALSE,1
phone56,man,TRUE,1
phone62,man,TRUE,1
phone64,woman,TRUE,1
phone65,man,TRUE,1
phone69,woman,FALSE,1
phone76,woman,FALSE,1
phone78,woman,TRUE,1
phone79,man,TRUE,1
phone82,man,FALSE,1
phone96,woman,FALSE,1
pink100,man,FALSE,1
pink19,man,FALSE,1
pink3,woman,FALSE,1
pink4,woman,FALSE,1
pink44,woman,FALSE,1
pink45,woman,TRUE,1
pink46,man,FALSE,1
pink48,woman,TRUE,1
pink54,man,FALSE,1
pink59,woman,FALSE,1
pink70,man,TRUE,1
pink73,woman,TRUE,1
pink74,man,TRUE,1
pink79,man,FALSE,1
pink84,man,TRUE,1
pink9,man,FALSE,1
pink92,woman,TRUE,1
pink94,man,FALSE,1
pink99,woman,TRUE,1
pizza1,woman,TRUE,1
pizza14,man,TRUE,1
pizza32,woman,TRUE,1
pizza44,woman,FALSE,1
pizza45,man,FALSE,1
pizza50,man,FALSE,1
pizza58,man,FALSE,1
pizza61,man,FALSE,1
pizza65,woman,TRUE,1
pizza7,woman,TRUE,1
pizza77,woman,TRUE,1
pizza81,woman,TRUE,1
pizza87,woman,TRUE,1
pizza90,man,FALSE,1
pizza97,man,FALSE,1
planet100,man,TRUE,1
planet11,woman,FALSE,1
planet15,man,TRUE,1
planet3,man,FALSE,1
planet39,woman,FALSE,1
planet47,man,TRUE,1
planet48,woman,FALSE,1
planet54,man,FALSE,1
planet61,woman,FALSE,1
planet62,man,TRUE,1
planet66,man,FALSE,1
planet67,man,TRUE,1
planet70,man,TRUE,1
planet76,woman,TRUE,1
planet8,woman,TRUE,1
planet80,woman,FALSE,1
planet86,woman,TRUE,1
planet92,man,FALSE,1
planet96,woman,FALSE,1
planet99,woman,TRUE,1
plant13,man,TRUE,1
plant18,woman,TRUE,1
plant3,man,FALSE,1
plant33,man,FALSE,1
plant37,woman,FALSE,1
plant38,man,TRUE,1
plant41,man,FALSE,1
plant5,man,FALSE,1
plant53,man,TRUE,1
plant57,woman,FALSE,1
plant58,woman,FALSE,1
plant62,woman,FALSE,1
plant64,man,FALSE,1
plant7,man,FALSE,1
plant76,man,TRUE,1
plant80,woman,FALSE,1
plant85,man,FALSE,1
plant86,woman,TRUE,1
plant9,man,FALSE,1
pond14,woman,FALSE,1
pond26,man,TRUE,1
pond32,man,TRUE,1
pond38,woman,TRUE,1
pond39,man,TRUE,1
pond5,woman,TRUE,1
pond6,woman,FALSE,1
pond60,woman,FALSE,1
pond67,woman,FALSE,1
pond68,man,TRUE,1
pond74,man,FALSE,1
pond76,woman,FALSE,1
pond80,woman,FALSE,1
pond87,woman,TRUE,1
pond91,woman,FALSE,1
purple10,woman,TRUE,1
purple12,woman,TRUE,1
purple15,man,TRUE,1
purple20,woman,TRUE,1
purple44,man,TRUE,1
purple70,woman,TRUE,1
purple74,woman,TRUE,1
purple75,woman,FALSE,1
purple77,woman,FALSE,1
purple8,woman,FALSE,1
purple85,man,FALSE,1
purple90,man,TRUE,1
purple91,woman,FALSE,1
purple93,woman,FALSE,1
rain20,man,FALSE,1
rain26,man,TRUE,1
rain45,man,FALSE,1
rain46,man,TRUE,1
rain50,woman,TRUE,1
rain55,man,FALSE,1
rain6,man,FALSE,1
rain62,man,TRUE,1
rain75,man,TRUE,1
rain78,woman,FALSE,1
rain9,woman,FALSE,1
rain93,woman,TRUE,1
rain94,man,TRUE,1
red18,woman,FALSE,1
red21,woman,TRUE,1
red25,man,FALSE,1
red27,woman,FALSE,1
red3,man,FALSE,1
red31,woman,TRUE,1
red36,woman,FALSE,1
red56,man,TRUE,1
red63,man,TRUE,1
red64,man,FALSE,1
red65,man,TRUE,1
red68,woman,FALSE,1
red70,man,TRUE,1
red72,woman,FALSE,1
red79,woman,FALSE,1
red80,man,FALSE,1
red82,man,FALSE,1
hill1,woman,TRUE,2
hill10,woman,TRUE,2
hill100,woman,TRUE,2
hill18,woman,TRUE,2
hill19,woman,TRUE,2
hill20,man,FALSE,2
hill21,man,TRUE,2
hill27,man,TRUE,2
hill28,man,FALSE,2
hill39,woman,FALSE,2
hill51,woman,TRUE,2
hill52,woman,TRUE,2
hill66,man,TRUE,2
hill70,woman,TRUE,2
hill74,man,FALSE,2
hill75,man,FALSE,2
hill79,woman,FALSE,2
hill8,woman,TRUE,2
hill86,woman,TRUE,2
ice22,man,FALSE,2
ice23,woman,TRUE,2
ice24,woman,TRUE,2
ice28,woman,FALSE,2
ice33,man,TRUE,2
ice34,man,TRUE,2
ice40,man,FALSE,2
ice41,woman,FALSE,2
ice46,man,FALSE,2
ice56,woman,FALSE,2
ice64,woman,FALSE,2
ice7,man,TRUE,2
ice84,woman,FALSE,2
ice88,woman,TRUE,2
idaho1,woman,FALSE,2
idaho14,man,TRUE,2
idaho17,man,TRUE,2
idaho18,woman,FALSE,2
idaho19,man,TRUE,2
idaho20,man,TRUE,2
idaho21,woman,FALSE,2
idaho33,man,TRUE,2
idaho39,woman,FALSE,2
idaho48,woman,TRUE,2
idaho5,woman,TRUE,2
idaho51,woman,FALSE,2
idaho55,woman,TRUE,2
idaho56,man,FALSE,2
idaho63,woman,TRUE,2
idaho64,man,TRUE,2
idaho69,man,TRUE,2
idaho71,woman,FALSE,2
idaho8,man,TRUE,2
idaho83,man,FALSE,2
idaho85,woman,TRUE,2
idaho87,woman,FALSE,2
idaho89,woman,TRUE,2
idaho90,man,TRUE,2
idaho93,woman,TRUE,2
idaho96,woman,FALSE,2
island1,woman,TRUE,2
island13,woman,FALSE,2
island17,woman,FALSE,2
island19,woman,TRUE,2
island20,woman,FALSE,2
island23,woman,FALSE,2
island26,man,TRUE,2
island32,woman,TRUE,2
island39,woman,FALSE,2
island50,woman,TRUE,2
island58,woman,TRUE,2
island60,man,FALSE,2
island64,man,TRUE,2
island72,woman,TRUE,2
island77,woman,TRUE,2
island80,man,TRUE,2
island82,man,FALSE,2
island84,man,FALSE,2
island96,man,TRUE,2
jump13,woman,FALSE,2
jump19,man,FALSE,2
jump2,woman,FALSE,2
jump23,man,FALSE,2
jump31,woman,FALSE,2
jump39,man,TRUE,2
jump40,man,FALSE,2
jump43,man,FALSE,2
jump45,man,TRUE,2
jump47,man,FALSE,2
jump49,man,TRUE,2
jump56,man,TRUE,2
jump60,woman,TRUE,2
jump71,man,TRUE,2
jump84,man,FALSE,2
jump86,man,TRUE,2
jump9,woman,TRUE,2
jump91,man,FALSE,2
jump97,woman,FALSE,2
jump98,man,TRUE,2
lake1,woman,TRUE,2
lake10,woman,TRUE,2
lake28,woman,FALSE,2
lake37,man,TRUE,2
lake39,man,TRUE,2
lake41,man,FALSE,2
lake46,woman,FALSE,2
lake47,man,FALSE,2
lake55,man,FALSE,2
lake56,woman,TRUE,2
lake70,woman,TRUE,2
lake73,woman,TRUE,2
lake77,man,FALSE,2
lake78,woman,TRUE,2
lake81,woman,TRUE,2
lake82,woman,TRUE,2
lake83,man,FALSE,2
lake84,man,FALSE,2
lake86,man,TRUE,2
lake98,woman,FALSE,2
left1,woman,FALSE,2
left100,woman,FALSE,2
left12,man,TRUE,2
left14,woman,FALSE,2
left15,man,FALSE,2
left30,woman,TRUE,2
left41,man,TRUE,2
left45,man,TRUE,2
left46,woman,FALSE,2
left5,man,TRUE,2
left55,man,FALSE,2
left56,man,TRUE,2
left57,man,FALSE,2
left63,man,FALSE,2
left69,man,TRUE,2
left74,man,TRUE,2
left8,man,TRUE,2
left84,woman,TRUE,2
left99,man,FALSE,2
lunch18,woman,TRUE,2
lunch23,man,TRUE,2
lunch29,woman,TRUE,2
lunch3,man,FALSE,2
lunch37,man,TRUE,2
lunch39,woman,FALSE,2
lunch40,woman,TRUE,2
lunch43,woman,TRUE,2
lunch56,woman,FALSE,2
lunch59,woman,FALSE,2
lunch70,woman,FALSE,2
lunch74,man,FALSE,2
lunch86,man,TRUE,2
lunch87,woman,TRUE,2
lunch88,man,FALSE,2
lunch9,man,FALSE,2
lunch93,woman,TRUE,2
lunch96,man,TRUE,2
lunch99,woman,FALSE,2
mountain1,man,TRUE,2
mountain13,man,FALSE,2
mountain17,man,FALSE,2
mountain18,man,TRUE,2
mountain25,man,FALSE,2
mountain26,woman,FALSE,2
mountain3,man,FALSE,2
mountain33,man,FALSE,2
mountain38,woman,FALSE,2
mountain44,woman,FALSE,2
mountain58,man,FALSE,2
mountain76,woman,TRUE,2
mountain78,man,FALSE,2
mountain95,man,TRUE,2
mountain99,man,TRUE,2
north1,man,TRUE,2
north15,man,TRUE,2
north22,man,FALSE,2
north25,woman,TRUE,2
north27,man,TRUE,2
north3,woman,TRUE,2
north31,man,TRUE,2
north32,woman,FALSE,2
north34,man,TRUE,2
north49,man,FALSE,2
north52,man,TRUE,2
north60,woman,TRUE,2
north64,woman,FALSE,2
north77,woman,TRUE,2
north79,man,FALSE,2
north82,man,TRUE,2
north87,woman,FALSE,2
north90,man,TRUE,2
north92,man,TRUE,2
north94,man,TRUE,2
north95,man,TRUE,2
ocean11,man,TRUE,2
ocean14,man,TRUE,2
ocean16,man,FALSE,2
ocean2,man,FALSE,2
ocean31,man,TRUE,2
ocean42,woman,FALSE,2
ocean6,man,FALSE,2
ocean70,man,FALSE,2
ocean74,man,FALSE,2
ocean8,woman,TRUE,2
ocean86,woman,FALSE,2
ocean9,man,TRUE,2
ocean97,woman,FALSE,2
ohio10,man,TRUE,2
ohio18,woman,TRUE,2
ohio20,man,TRUE,2
ohio23,man,TRUE,2
ohio3,man,TRUE,2
ohio37,man,TRUE,2
ohio38,woman,TRUE,2
ohio43,woman,FALSE,2
ohio5,woman,FALSE,2
ohio50,man,TRUE,2
ohio53,woman,TRUE,2
ohio56,woman,TRUE,2
ohio60,man,TRUE,2
ohio67,woman,TRUE,2
ohio74,woman,FALSE,2
ohio77,man,TRUE,2
ohio79,man,TRUE,2
ohio86,woman,FALSE,2
ohio96,woman,FALSE,2
olive11,woman,TRUE,2
olive14,man,TRUE,2
olive19,woman,FALSE,2
olive2,man,TRUE,2
olive36,woman,TRUE,2
olive44,man,TRUE,2
olive45,woman,FALSE,2
olive49,woman,FALSE,2
olive55,woman,TRUE,2
olive58,man,FALSE,2
olive6,woman,TRUE,2
olive62,woman,TRUE,2
olive69,woman,FALSE,2
olive7,man,TRUE,2
olive79,woman,TRUE,2
olive85,woman,FALSE,2
olive88,woman,FALSE,2
olive90,woman,TRUE,2
orange12,woman,TRUE,2
orange21,woman,TRUE,2
orange24,woman,TRUE,2
orange34,woman,FALSE,2
orange46,man,TRUE,2
orange47,man,FALSE,2
orange51,man,FALSE,2
orange52,man,FALSE,2
orange54,man,TRUE,2
orange61,woman,TRUE,2
orange65,woman,FALSE,2
orange67,woman,TRUE,2
orange76,woman,FALSE,2
orange78,woman,FALSE,2
orange82,woman,TRUE,2
orange86,man,FALSE,2
orange9,man,TRUE,2
orange94,woman,FALSE,2
pants100,man,FALSE,2
pants13,man,TRUE,2
pants15,woman,FALSE,2
pants22,man,TRUE,2
pants25,man,FALSE,2
pants27,man,TRUE,2
pants32,man,FALSE,2
pants35,woman,FALSE,2
pants39,woman,FALSE,2
pants41,man,FALSE,2
pants42,man,FALSE,2
pants44,man,TRUE,2
pants54,man,TRUE,2
pants61,man,FALSE,2
pants62,woman,FALSE,2
pants65,woman,FALSE,2
pants7,woman,TRUE,2
pants71,woman,FALSE,2
pants73,woman,FALSE,2
pants74,man,FALSE,2
pants76,woman,TRUE,2
pants77,woman,FALSE,2
pants8,man,FALSE,2
pants80,woman,FALSE,2
pants86,man,FALSE,2
pants87,man,FALSE,2
pants96,woman,FALSE,2
pants97,man,FALSE,2
park13,man,TRUE,2
park20,man,TRUE,2
park21,woman,TRUE,2
park24,woman,TRUE,2
park25,man,FALSE,2
park3,man,TRUE,2
park47,woman,FALSE,2
park48,woman,FALSE,2
park49,man,FALSE,2
park60,woman,TRUE,2
park64,woman,TRUE,2
park65,man,TRUE,2
park68,man,TRUE,2
park7,man,FALSE,2
park75,woman,TRUE,2
park90,man,TRUE,2
park97,woman,FALSE,2
pen12,woman,FALSE,2
pen18,man,FALSE,2
pen21,man,FALSE,2
pen24,man,FALSE,2
pen28,woman,TRUE,2
pen31,man,FALSE,2
pen38,man,FALSE,2
pen42,man,FALSE,2
pen43,woman,FALSE,2
pen59,woman,TRUE,2
pen67,man,FALSE,2
pen68,man,FALSE,2
pen77,man,FALSE,2
pen83,man,TRUE,2
pencil100,woman,TRUE,2
pencil13,woman,FALSE,2
pencil2,man,TRUE,2
pencil23,man,TRUE,2
pencil36,man,TRUE,2
pencil55,man,TRUE,2
pencil69,woman,TRUE,2
pencil86,man,FALSE,2
pencil90,man,FALSE,2
pencil91,man,FALSE,2
phone12,man,TRUE,2
phone18,man,FALSE,2
phone28,woman,FALSE,2
phone3,woman,FALSE,2
phone31,man,TRUE,2
phone32,woman,TRUE,2
phone33,man,FALSE,2
phone37,man,TRUE,2
phone41,man,TRUE,2
phone54,woman,TRUE,2
phone56,man,FALSE,2
phone62,man,FALSE,2
phone64,woman,FALSE,2
phone65,man,FALSE,2
phone69,woman,TRUE,2
phone76,woman,TRUE,2
phone78,woman,FALSE,2
phone79,man,FALSE,2
phone82,man,TRUE,2
phone96,woman,TRUE,2
pink100,man,TRUE,2
pink19,man,TRUE,2
pink3,woman,TRUE,2
pink4,woman,TRUE,2
pink44,woman,TRUE,2
pink45,woman,FALSE,2
pink46,man,TRUE,2
pink48,woman,FALSE,2
pink54,man,TRUE,2
pink59,woman,TRUE,2
pink70,man,FALSE,2
pink73,woman,FALSE,2
pink74,man,FALSE,2
pink79,man,TRUE,2
pink84,man,FALSE,2
pink9,man,TRUE,2
pink92,woman,FALSE,2
pink94,man,TRUE,2
pink99,woman,FALSE,2
pizza1,woman,FALSE,2
pizza14,man,FALSE,2
pizza32,woman,FALSE,2
pizza44,woman,TRUE,2
pizza45,man,TRUE,2
pizza50,man,TRUE,2
pizza58,man,TRUE,2
pizza61,man,TRUE,2
pizza65,woman,FALSE,2
pizza77,woman,FALSE,2
pizza81,woman,FALSE,2
pizza87,woman,FALSE,2
pizza90,man,TRUE,2
pizza97,man,TRUE,2
planet100,man,FALSE,2
planet11,woman,TRUE,2
planet15,man,FALSE,2
planet3,man,TRUE,2
planet39,woman,TRUE,2
planet47,man,FALSE,2
planet48,woman,TRUE,2
planet54,man,TRUE,2
planet62,man,FALSE,2
planet66,man,TRUE,2
planet67,man,FALSE,2
planet70,man,FALSE,2
planet76,woman,FALSE,2
planet8,woman,FALSE,2
planet80,woman,TRUE,2
planet86,woman,FALSE,2
planet92,man,TRUE,2
planet96,woman,TRUE,2
planet99,woman,FALSE,2
plant13,man,FALSE,2
plant18,woman,FALSE,2
plant3,man,TRUE,2
plant33,man,TRUE,2
plant37,woman,TRUE,2
plant38,man,FALSE,2
plant41,man,TRUE,2
plant5,man,TRUE,2
plant53,man,FALSE,2
plant57,woman,TRUE,2
plant58,woman,TRUE,2
plant62,woman,TRUE,2
plant64,man,TRUE,2
plant7,man,TRUE,2
plant76,man,FALSE,2
plant80,woman,TRUE,2
plant86,woman,FALSE,2
plant9,man,TRUE,2
pond14,woman,TRUE,2
pond26,man,FALSE,2
pond32,man,FALSE,2
pond38,woman,FALSE,2
pond39,man,FALSE,2
pond5,woman,FALSE,2
pond6,woman,TRUE,2
pond60,woman,TRUE,2
pond67,woman,TRUE,2
pond68,man,FALSE,2
pond74,man,TRUE,2
pond76,woman,TRUE,2
pond80,woman,TRUE,2
pond87,woman,FALSE,2
pond91,woman,TRUE,2
purple10,woman,FALSE,2
purple12,woman,FALSE,2
purple15,man,FALSE,2
purple20,woman,FALSE,2
purple44,man,FALSE,2
purple70,woman,FALSE,2
purple74,woman,FALSE,2
purple75,woman,TRUE,2
purple77,woman,TRUE,2
purple8,woman,TRUE,2
purple85,man,TRUE,2
purple90,man,FALSE,2
purple91,woman,TRUE,2
purple93,woman,TRUE,2
rain20,man,TRUE,2
rain26,man,FALSE,2
rain45,man,TRUE,2
rain46,man,FALSE,2
rain50,woman,FALSE,2
rain55,man,TRUE,2
rain6,man,TRUE,2
rain62,man,FALSE,2
rain75,man,FALSE,2
rain78,woman,TRUE,2
rain9,woman,TRUE,2
rain93,woman,FALSE,2
rain94,man,FALSE,2
red18,woman,TRUE,2
red21,woman,FALSE,2
red25,man,TRUE,2
red27,woman,TRUE,2
red3,man,TRUE,2
red31,woman,FALSE,2
red36,woman,TRUE,2
red56,man,FALSE,2
red63,man,FALSE,2
red64,man,TRUE,2
red65,man,FALSE,2
red68,woman,TRUE,2
red70,man,FALSE,2
red72,woman,TRUE,2
red79,woman,TRUE,2
red80,man,TRUE,2
red82,man,TRUE,2
red90,man,TRUE,1
red98,woman,TRUE,1
rice10,woman,FALSE,1
rice11,woman,TRUE,1
rice2,woman,TRUE,1
rice20,man,TRUE,1
rice21,woman,FALSE,1
rice23,woman,TRUE,1
rice25,man,FALSE,1
rice3,man,FALSE,1
rice42,woman,FALSE,1
rice49,woman,TRUE,1
rice61,man,FALSE,1
rice69,woman,TRUE,1
rice82,man,FALSE,1
rice85,woman,TRUE,1
rice87,woman,TRUE,1
rice9,woman,FALSE,1
rice90,man,FALSE,1
rice91,woman,FALSE,1
right12,man,FALSE,1
right35,man,FALSE,1
right38,woman,FALSE,1
right43,woman,FALSE,1
right45,man,FALSE,1
right49,man,TRUE,1
right52,woman,FALSE,1
right55,woman,TRUE,1
right56,woman,FALSE,1
right64,woman,FALSE,1
right76,woman,FALSE,1
right78,man,TRUE,1
right81,woman,FALSE,1
right86,woman,FALSE,1
right9,woman,TRUE,1
right91,man,TRUE,1
right93,woman,TRUE,1
river16,woman,TRUE,1
river2,woman,TRUE,1
river20,woman,FALSE,1
river22,man,FALSE,1
river27,woman,TRUE,1
river32,woman,TRUE,1
river40,woman,TRUE,1
river46,woman,FALSE,1
river47,woman,TRUE,1
river49,man,FALSE,1
river78,man,FALSE,1
river8,woman,FALSE,1
river80,man,FALSE,1
river81,woman,FALSE,1
road16,man,TRUE,1
road17,woman,TRUE,1
road18,man,FALSE,1
road20,man,FALSE,1
road23,man,FALSE,1
road30,man,TRUE,1
road35,woman,FALSE,1
road39,woman,FALSE,1
road4,man,FALSE,1
road45,man,TRUE,1
road59,woman,TRUE,1
road6,man,FALSE,1
road66,woman,TRUE,1
road68,woman,TRUE,1
road74,woman,FALSE,1
road87,man,FALSE,1
road91,man,TRUE,1
run15,woman,FALSE,1
run16,woman,FALSE,1
run18,man,FALSE,1
run21,man,TRUE,1
run27,man,FALSE,1
run31,man,FALSE,1
run35,man,FALSE,1
run36,man,TRUE,1
run37,man,FALSE,1
run44,man,TRUE,1
run48,man,TRUE,1
run5,woman,TRUE,1
run64,man,TRUE,1
run67,man,FALSE,1
run72,woman,FALSE,1
run77,man,FALSE,1
run82,woman,TRUE,1
run84,woman,FALSE,1
run88,woman,TRUE,1
run89,woman,FALSE,1
run94,woman,FALSE,1
run96,man,FALSE,1
run97,man,TRUE,1
salad10,woman,TRUE,1
salad13,man,FALSE,1
salad18,man,FALSE,1
salad23,man,FALSE,1
salad26,woman,TRUE,1
salad3,man,TRUE,1
salad33,man,FALSE,1
salad34,woman,FALSE,1
salad59,man,FALSE,1
salad61,woman,TRUE,1
salad67,man,FALSE,1
salad76,man,TRUE,1
salad83,man,FALSE,1
salad86,woman,TRUE,1
sand12,man,TRUE,1
sand14,woman,TRUE,1
sand16,man,FALSE,1
sand17,man,TRUE,1
sand18,woman,FALSE,1
sand20,man,FALSE,1
sand23,man,FALSE,1
sand37,man,FALSE,1
sand44,woman,FALSE,1
sand54,man,TRUE,1
sand56,man,TRUE,1
sand60,woman,TRUE,1
sand64,woman,FALSE,1
sand68,woman,FALSE,1
sand77,woman,TRUE,1
sand86,woman,FALSE,1
sand89,man,FALSE,1
sand92,man,FALSE,1
sand97,man,FALSE,1
shell12,man,FALSE,1
shell13,woman,TRUE,1
shell16,woman,TRUE,1
shell18,woman,TRUE,1
shell22,woman,TRUE,1
shell23,woman,FALSE,1
shell25,man,TRUE,1
shell27,woman,FALSE,1
shell32,woman,FALSE,1
shell33,woman,FALSE,1
shell35,woman,TRUE,1
shell38,man,FALSE,1
shell40,woman,FALSE,1
shell48,man,TRUE,1
shell49,woman,TRUE,1
shell54,man,FALSE,1
shell57,man,TRUE,1
shell65,man,FALSE,1
shell66,man,FALSE,1
shell67,man,TRUE,1
shell75,man,FALSE,1
shell78,man,TRUE,1
shell79,man,TRUE,1
shell8,woman,FALSE,1
shell86,woman,FALSE,1
shell95,man,FALSE,1
shirt1,man,TRUE,1
shirt13,man,FALSE,1
shirt29,man,TRUE,1
shirt30,woman,TRUE,1
shirt35,woman,TRUE,1
shirt38,woman,FALSE,1
shirt46,woman,TRUE,1
shirt59,man,FALSE,1
shirt63,woman,TRUE,1
shirt65,man,TRUE,1
shirt66,woman,TRUE,1
shirt67,man,TRUE,1
shirt71,woman,TRUE,1
shirt75,woman,TRUE,1
shirt76,woman,FALSE,1
shirt78,man,TRUE,1
shirt80,man,FALSE,1
shirt83,woman,TRUE,1
shirt96,woman,FALSE,1
shirt99,man,TRUE,1
silver100,woman,FALSE,1
silver21,man,FALSE,1
silver3,man,TRUE,1
silver31,man,TRUE,1
silver32,woman,FALSE,1
silver36,man,TRUE,1
silver39,man,TRUE,1
silver43,woman,TRUE,1
silver52,man,TRUE,1
silver57,man,FALSE,1
silver59,man,FALSE,1
silver60,man,TRUE,1
silver61,man,FALSE,1
silver7,man,FALSE,1
silver72,woman,FALSE,1
silver79,woman,FALSE,1
silver80,woman,FALSE,1
silver84,woman,TRUE,1
silver87,man,FALSE,1
silver95,man,FALSE,1
silver96,woman,TRUE,1
silver97,woman,TRUE,1
sleep11,man,TRUE,1
sleep14,woman,TRUE,1
sleep16,man,TRUE,1
sleep22,man,TRUE,1
sleep27,man,TRUE,1
sleep31,man,TRUE,1
sleep35,man,TRUE,1
sleep40,woman,FALSE,1
sleep5,woman,TRUE,1
sleep55,man,FALSE,1
sleep60,woman,TRUE,1
sleep61,man,TRUE,1
sleep63,woman,FALSE,1
sleep66,woman,TRUE,1
sleep67,woman,FALSE,1
sleep70,man,FALSE,1
sleep74,man,TRUE,1
sleep80,woman,FALSE,1
sleep86,woman,TRUE,1
sleep95,woman,FALSE,1
sleep97,woman,FALSE,1
smoke10,woman,FALSE,1
smoke12,man,TRUE,1
smoke18,man,FALSE,1
smoke23,man,TRUE,1
smoke27,woman,FALSE,1
smoke29,man,TRUE,1
smoke33,man,FALSE,1
smoke52,woman,FALSE,1
smoke64,man,TRUE,1
smoke66,woman,TRUE,1
smoke71,man,FALSE,1
smoke84,woman,FALSE,1
smoke90,man,FALSE,1
smoke94,man,TRUE,1
snack11,woman,FALSE,1
snack14,woman,FALSE,1
snack25,man,TRUE,1
snack33,man,TRUE,1
snack35,woman,TRUE,1
snack36,man,FALSE,1
snack46,man,TRUE,1
snack49,woman,FALSE,1
snack53,woman,FALSE,1
snack62,woman,FALSE,1
snack75,man,FALSE,1
snack77,woman,FALSE,1
snack81,woman,TRUE,1
snack83,woman,TRUE,1
snack88,woman,FALSE,1
snack94,woman,FALSE,1
snack95,woman,FALSE,1
snack98,woman,FALSE,1
snack99,woman,TRUE,1
snow10,man,TRUE,1
snow100,man,FALSE,1
snow18,man,TRUE,1
snow2,man,TRUE,1
snow25,woman,FALSE,1
snow40,man,TRUE,1
snow43,man,TRUE,1
snow45,woman,FALSE,1
snow47,man,FALSE,1
snow52,man,TRUE,1
snow54,woman,FALSE,1
snow57,woman,FALSE,1
snow6,man,TRUE,1
snow60,woman,FALSE,1
snow62,woman,FALSE,1
snow63,woman,TRUE,1
snow65,woman,FALSE,1
snow68,woman,FALSE,1
snow7,man,FALSE,1
snow72,woman,FALSE,1
snow73,woman,FALSE,1
snow8,man,FALSE,1
snow81,man,TRUE,1
snow83,man,TRUE,1
snow84,woman,FALSE,1
snow85,woman,FALSE,1
snow86,woman,FALSE,1
snow88,woman,TRUE,1
snow91,woman,TRUE,1
snow92,man,TRUE,1
soda1,woman,TRUE,1
soda16,woman,FALSE,1
soda24,woman,TRUE,1
soda29,woman,FALSE,1
soda32,woman,FALSE,1
soda36,woman,FALSE,1
soda38,man,TRUE,1
soda44,man,TRUE,1
soda48,woman,TRUE,1
soda49,man,TRUE,1
soda5,man,FALSE,1
soda52,woman,TRUE,1
soda57,woman,FALSE,1
soda78,man,TRUE,1
soda79,woman,TRUE,1
soda85,woman,FALSE,1
soda92,man,FALSE,1
soda94,man,FALSE,1
soup100,man,FALSE,1
soup20,woman,FALSE,1
soup22,woman,TRUE,1
soup23,woman,FALSE,1
soup24,man,TRUE,1
soup25,man,FALSE,1
soup26,man,FALSE,1
soup40,woman,FALSE,1
soup43,man,TRUE,1
soup50,man,FALSE,1
soup59,man,TRUE,1
soup62,man,TRUE,1
soup64,man,FALSE,1
soup78,man,TRUE,1
soup81,woman,TRUE,1
soup83,woman,FALSE,1
soup86,man,TRUE,1
soup89,woman,FALSE,1
south11,woman,TRUE,1
south14,woman,FALSE,1
south3,woman,TRUE,1
south30,man,TRUE,1
south32,man,TRUE,1
south34,man,FALSE,1
south36,woman,FALSE,1
south48,woman,FALSE,1
south66,woman,TRUE,1
south67,man,TRUE,1
south7,man,FALSE,1
south73,woman,TRUE,1
south75,man,FALSE,1
south76,man,TRUE,1
south78,woman,FALSE,1
south93,woman,FALSE,1
south97,woman,TRUE,1
south98,woman,FALSE,1
storm1,man,TRUE,1
storm13,woman,FALSE,1
storm17,woman,FALSE,1
storm22,woman,TRUE,1
storm23,woman,FALSE,1
storm33,woman,TRUE,1
storm34,woman,FALSE,1
storm37,woman,FALSE,1
storm52,man,TRUE,1
storm58,man,TRUE,1
storm61,woman,TRUE,1
storm63,woman,FALSE,1
storm69,man,FALSE,1
storm71,man,TRUE,1
storm77,woman,FALSE,1
storm93,woman,FALSE,1
stream13,woman,FALSE,1
stream16,man,TRUE,1
stream20,woman,FALSE,1
stream3,man,FALSE,1
stream40,woman,FALSE,1
stream41,woman,TRUE,1
stream45,woman,FALSE,1
stream46,woman,FALSE,1
stream48,woman,TRUE,1
stream52,man,TRUE,1
stream59,woman,FALSE,1
stream6,woman,FALSE,1
stream7,woman,TRUE,1
stream74,man,FALSE,1
stream75,woman,TRUE,1
stream77,woman,TRUE,1
stream78,man,TRUE,1
stream96,man,FALSE,1
stream98,man,FALSE,1
street11,man,FALSE,1
street12,woman,TRUE,1
street15,man,TRUE,1
street35,man,TRUE,1
street40,man,FALSE,1
street41,man,TRUE,1
street55,man,FALSE,1
street61,woman,FALSE,1
street66,woman,FALSE,1
street69,woman,TRUE,1
street77,woman,FALSE,1
street80,woman,TRUE,1
street89,man,TRUE,1
street93,woman,TRUE,1
street94,man,FALSE,1
street95,man,FALSE,1
street98,woman,FALSE,1
surf1,man,TRUE,1
surf100,man,FALSE,1
surf11,man,TRUE,1
surf17,woman,TRUE,1
surf25,woman,FALSE,1
surf28,man,TRUE,1
surf32,man,FALSE,1
surf34,woman,FALSE,1
surf40,man,FALSE,1
surf41,woman,FALSE,1
surf42,woman,FALSE,1
surf45,man,FALSE,1
surf55,man,TRUE,1
surf56,man,TRUE,1
surf6,woman,TRUE,1
surf61,woman,FALSE,1
surf67,woman,FALSE,1
surf69,man,FALSE,1
surf76,man,TRUE,1
surf78,man,TRUE,1
surf82,woman,FALSE,1
surf89,man,FALSE,1
surf90,man,FALSE,1
surf94,woman,TRUE,1
surf96,woman,TRUE,1
surf98,man,TRUE,1
swim14,woman,TRUE,1
swim15,man,FALSE,1
swim16,woman,TRUE,1
swim18,man,TRUE,1
swim19,man,FALSE,1
swim22,man,FALSE,1
swim33,man,TRUE,1
swim34,man,FALSE,1
swim51,man,TRUE,1
swim61,woman,FALSE,1
swim66,woman,TRUE,1
swim73,woman,TRUE,1
swim77,woman,FALSE,1
swim82,woman,FALSE,1
swim85,man,FALSE,1
swim92,man,FALSE,1
swim98,man,TRUE,1
tea14,man,FALSE,1
tea26,woman,TRUE,1
tea37,man,FALSE,1
tea38,woman,TRUE,1
tea4,man,FALSE,1
tea46,woman,FALSE,1
tea50,man,TRUE,1
tea51,man,TRUE,1
tea54,woman,TRUE,1
tea64,woman,TRUE,1
tea69,man,TRUE,1
tea7,woman,FALSE,1
tea71,man,FALSE,1
tea77,woman,FALSE,1
tea81,man,FALSE,1
tea88,man,FALSE,1
tea89,woman,TRUE,1
thunder12,man,TRUE,1
thunder15,man,TRUE,1
thunder16,woman,FALSE,1
thunder20,woman,TRUE,1
thunder24,woman,FALSE,1
thunder29,man,FALSE,1
thunder32,woman,TRUE,1
thunder44,woman,FALSE,1
thunder50,man,FALSE,1
thunder52,woman,FALSE,1
thunder59,woman,FALSE,1
thunder60,woman,TRUE,1
thunder67,woman,TRUE,1
thunder71,man,TRUE,1
thunder76,man,TRUE,1
thunder78,woman,FALSE,1
thunder91,woman,TRUE,1
thunder92,man,TRUE,1
tire1,woman,TRUE,1
tire14,woman,FALSE,1
tire29,woman,FALSE,1
tire3,woman,TRUE,1
tire33,woman,FALSE,1
tire34,woman,TRUE,1
tire38,man,TRUE,1
tire39,woman,TRUE,1
tire42,man,FALSE,1
tire47,man,TRUE,1
tire50,woman,FALSE,1
tire77,woman,FALSE,1
tire80,woman,FALSE,1
tire87,woman,FALSE,1
tire9,man,FALSE,1
tire91,man,TRUE,1
tire93,man,TRUE,1
tire95,man,TRUE,1
tire97,man,TRUE,1
traffic19,woman,FALSE,1
traffic21,woman,FALSE,1
traffic29,woman,TRUE,1
traffic32,man,FALSE,1
traffic35,woman,FALSE,1
traffic39,man,FALSE,1
traffic42,man,TRUE,1
traffic50,man,TRUE,1
traffic58,woman,TRUE,1
traffic64,man,FALSE,1
traffic67,man,FALSE,1
traffic70,man,FALSE,1
traffic72,woman,FALSE,1
traffic82,man,TRUE,1
traffic87,woman,TRUE,1
traffic92,man,FALSE,1
tree100,woman,TRUE,1
tree11,woman,FALSE,1
tree15,woman,TRUE,1
tree16,woman,FALSE,1
red90,man,FALSE,2
red98,woman,FALSE,2
rice10,woman,TRUE,2
rice11,woman,FALSE,2
rice2,woman,FALSE,2
rice20,man,FALSE,2
rice21,woman,TRUE,2
rice23,woman,FALSE,2
rice25,man,TRUE,2
rice3,man,TRUE,2
rice42,woman,TRUE,2
rice49,woman,FALSE,2
rice61,man,TRUE,2
rice69,woman,FALSE,2
rice87,woman,FALSE,2
rice9,woman,TRUE,2
rice90,man,TRUE,2
rice91,woman,TRUE,2
right12,man,TRUE,2
right35,man,TRUE,2
right38,woman,TRUE,2
right43,woman,TRUE,2
right45,man,TRUE,2
right49,man,FALSE,2
right52,woman,TRUE,2
right55,woman,FALSE,2
right56,woman,TRUE,2
right64,woman,TRUE,2
right78,man,FALSE,2
right81,woman,TRUE,2
right86,woman,TRUE,2
right9,woman,FALSE,2
right91,man,FALSE,2
right93,woman,FALSE,2
river16,woman,FALSE,2
river2,woman,FALSE,2
river20,woman,TRUE,2
river22,man,TRUE,2
river27,woman,FALSE,2
river32,woman,FALSE,2
river40,woman,FALSE,2
river46,woman,TRUE,2
river47,woman,FALSE,2
river49,man,TRUE,2
river78,man,TRUE,2
river8,woman,TRUE,2
river80,man,TRUE,2
river81,woman,TRUE,2
road16,man,FALSE,2
road17,woman,FALSE,2
road18,man,TRUE,2
road20,man,TRUE,2
road23,man,TRUE,2
road30,man,FALSE,2
road35,woman,TRUE,2
road39,woman,TRUE,2
road4,man,TRUE,2
road45,man,FALSE,2
road59,woman,FALSE,2
road6,man,TRUE,2
road66,woman,FALSE,2
road68,woman,FALSE,2
road74,woman,TRUE,2
road87,man,TRUE,2
road91,man,FALSE,2
run15,woman,TRUE,2
run16,woman,TRUE,2
run18,man,TRUE,2
run21,man,FALSE,2
run27,man,TRUE,2
run31,man,TRUE,2
run35,man,TRUE,2
run36,man,FALSE,2
run37,man,TRUE,2
run44,man,FALSE,2
run48,man,FALSE,2
run5,woman,FALSE,2
run64,man,FALSE,2
run67,man,TRUE,2
run72,woman,TRUE,2
run77,man,TRUE,2
run82,woman,FALSE,2
run84,woman,TRUE,2
run88,woman,FALSE,2
run89,woman,TRUE,2
run94,woman,TRUE,2
run96,man,TRUE,2
run97,man,FALSE,2
salad10,woman,FALSE,2
salad13,man,TRUE,2
salad18,man,TRUE,2
salad23,man,TRUE,2
salad26,woman,FALSE,2
salad33,man,TRUE,2
salad34,woman,TRUE,2
salad59,man,TRUE,2
salad61,woman,FALSE,2
salad67,man,TRUE,2
salad83,man,TRUE,2
salad86,woman,FALSE,2
sand12,man,FALSE,2
sand14,woman,FALSE,2
sand16,man,TRUE,2
sand17,man,FALSE,2
sand18,woman,TRUE,2
sand20,man,TRUE,2
sand23,man,TRUE,2
sand37,man,TRUE,2
sand44,woman,TRUE,2
sand54,man,FALSE,2
sand56,man,FALSE,2
sand60,woman,FALSE,2
sand64,woman,TRUE,2
sand68,woman,TRUE,2
sand77,woman,FALSE,2
sand86,woman,TRUE,2
sand89,man,TRUE,2
sand92,man,TRUE,2
sand97,man,TRUE,2
shell12,man,TRUE,2
shell13,woman,FALSE,2
shell16,woman,FALSE,2
shell18,woman,FALSE,2
shell22,woman,FALSE,2
shell23,woman,TRUE,2
shell25,man,FALSE,2
shell27,woman,TRUE,2
shell32,woman,TRUE,2
shell33,woman,TRUE,2
shell35,woman,FALSE,2
shell38,man,TRUE,2
shell40,woman,TRUE,2
shell48,man,FALSE,2
shell49,woman,FALSE,2
shell54,man,TRUE,2
shell57,man,FALSE,2
shell65,man,TRUE,2
shell66,man,TRUE,2
shell67,man,FALSE,2
shell75,man,TRUE,2
shell78,man,FALSE,2
shell79,man,FALSE,2
shell95,man,TRUE,2
shirt1,man,FALSE,2
shirt13,man,TRUE,2
shirt29,man,FALSE,2
shirt30,woman,FALSE,2
shirt35,woman,FALSE,2
shirt38,woman,TRUE,2
shirt46,woman,FALSE,2
shirt59,man,TRUE,2
shirt63,woman,FALSE,2
shirt65,man,FALSE,2
shirt66,woman,FALSE,2
shirt67,man,FALSE,2
shirt71,woman,FALSE,2
shirt75,woman,FALSE,2
shirt76,woman,TRUE,2
shirt78,man,FALSE,2
shirt80,man,TRUE,2
shirt83,woman,FALSE,2
shirt96,woman,TRUE,2
shirt99,man,FALSE,2
silver100,woman,TRUE,2
silver21,man,TRUE,2
silver3,man,FALSE,2
silver31,man,FALSE,2
silver32,woman,TRUE,2
silver36,man,FALSE,2
silver39,man,FALSE,2
silver43,woman,FALSE,2
silver52,man,FALSE,2
silver57,man,TRUE,2
silver59,man,TRUE,2
silver60,man,FALSE,2
silver61,man,TRUE,2
silver7,man,TRUE,2
silver72,woman,TRUE,2
silver79,woman,TRUE,2
silver80,woman,TRUE,2
silver84,woman,FALSE,2
silver87,man,TRUE,2
silver95,man,TRUE,2
silver96,woman,FALSE,2
sleep11,man,FALSE,2
sleep14,woman,FALSE,2
sleep16,man,FALSE,2
sleep22,man,FALSE,2
sleep27,man,FALSE,2
sleep31,man,FALSE,2
sleep35,man,FALSE,2
sleep40,woman,TRUE,2
sleep5,woman,FALSE,2
sleep55,man,TRUE,2
sleep60,woman,FALSE,2
sleep61,man,FALSE,2
sleep63,woman,TRUE,2
sleep66,woman,FALSE,2
sleep67,woman,TRUE,2
sleep70,man,TRUE,2
sleep74,man,FALSE,2
sleep80,woman,TRUE,2
sleep86,woman,FALSE,2
sleep95,woman,TRUE,2
sleep97,woman,TRUE,2
smoke10,woman,TRUE,2
smoke12,man,FALSE,2
smoke18,man,TRUE,2
smoke23,man,FALSE,2
smoke27,woman,TRUE,2
smoke29,man,FALSE,2
smoke33,man,TRUE,2
smoke52,woman,TRUE,2
smoke64,man,FALSE,2
smoke66,woman,FALSE,2
smoke71,man,TRUE,2
smoke84,woman,TRUE,2
smoke90,man,TRUE,2
snack11,woman,TRUE,2
snack14,woman,TRUE,2
snack25,man,FALSE,2
snack33,man,FALSE,2
snack35,woman,FALSE,2
snack36,man,TRUE,2
snack46,man,FALSE,2
snack49,woman,TRUE,2
snack75,man,TRUE,2
snack77,woman,TRUE,2
snack81,woman,FALSE,2
snack83,woman,FALSE,2
snack88,woman,TRUE,2
snack94,woman,TRUE,2
snack95,woman,TRUE,2
snack98,woman,TRUE,2
snack99,woman,FALSE,2
snow10,man,FALSE,2
snow100,man,TRUE,2
snow18,man,FALSE,2
snow2,man,FALSE,2
snow25,woman,TRUE,2
snow40,man,FALSE,2
snow43,man,FALSE,2
snow45,woman,TRUE,2
snow47,man,TRUE,2
snow52,man,FALSE,2
snow54,woman,TRUE,2
snow57,woman,TRUE,2
snow6,man,FALSE,2
snow60,woman,TRUE,2
snow62,woman,TRUE,2
snow63,woman,FALSE,2
snow65,woman,TRUE,2
snow68,woman,TRUE,2
snow7,man,TRUE,2
snow72,woman,TRUE,2
snow73,woman,TRUE,2
snow8,man,TRUE,2
snow81,man,FALSE,2
snow83,man,FALSE,2
snow84,woman,TRUE,2
snow85,woman,TRUE,2
snow86,woman,TRUE,2
snow88,woman,FALSE,2
snow91,woman,FALSE,2
snow92,man,FALSE,2
soda1,woman,FALSE,2
soda16,woman,TRUE,2
soda24,woman,FALSE,2
soda29,woman,TRUE,2
soda32,woman,TRUE,2
soda36,woman,TRUE,2
soda38,man,FALSE,2
soda44,man,FALSE,2
soda48,woman,FALSE,2
soda49,man,FALSE,2
soda5,man,TRUE,2
soda52,woman,FALSE,2
soda57,woman,TRUE,2
soda78,man,FALSE,2
soda79,woman,FALSE,2
soda85,woman,TRUE,2
soda92,man,TRUE,2
soda94,man,TRUE,2
soup100,man,TRUE,2
soup20,woman,TRUE,2
soup22,woman,FALSE,2
soup23,woman,TRUE,2
soup24,man,FALSE,2
soup25,man,TRUE,2
soup26,man,TRUE,2
soup40,woman,TRUE,2
soup43,man,FALSE,2
soup50,man,TRUE,2
soup59,man,FALSE,2
soup62,man,FALSE,2
soup64,man,TRUE,2
soup78,man,FALSE,2
soup83,woman,TRUE,2
soup89,woman,TRUE,2
south11,woman,FALSE,2
south14,woman,TRUE,2
south3,woman,FALSE,2
south32,man,FALSE,2
south34,man,TRUE,2
south36,woman,TRUE,2
south48,woman,TRUE,2
south66,woman,FALSE,2
south67,man,FALSE,2
south7,man,TRUE,2
south73,woman,FALSE,2
south75,man,TRUE,2
south76,man,FALSE,2
south78,woman,TRUE,2
south93,woman,TRUE,2
south97,woman,FALSE,2
south98,woman,TRUE,2
storm1,man,FALSE,2
storm13,woman,TRUE,2
storm17,woman,TRUE,2
storm22,woman,FALSE,2
storm23,woman,TRUE,2
storm33,woman,FALSE,2
storm34,woman,TRUE,2
storm37,woman,TRUE,2
storm52,man,FALSE,2
storm58,man,FALSE,2
storm61,woman,FALSE,2
storm63,woman,TRUE,2
storm69,man,TRUE,2
storm71,man,FALSE,2
storm93,woman,TRUE,2
stream13,woman,TRUE,2
stream16,man,FALSE,2
stream20,woman,TRUE,2
stream3,man,TRUE,2
stream40,woman,TRUE,2
stream41,woman,FALSE,2
stream45,woman,TRUE,2
stream46,woman,TRUE,2
stream48,woman,FALSE,2
stream52,man,FALSE,2
stream59,woman,TRUE,2
stream6,woman,TRUE,2
stream7,woman,FALSE,2
stream74,man,TRUE,2
stream75,woman,FALSE,2
stream77,woman,FALSE,2
stream78,man,FALSE,2
stream96,man,TRUE,2
stream98,man,TRUE,2
street11,man,TRUE,2
street12,woman,FALSE,2
street15,man,FALSE,2
street35,man,FALSE,2
street40,man,TRUE,2
street41,man,FALSE,2
street55,man,TRUE,2
street61,woman,TRUE,2
street66,woman,TRUE,2
street69,woman,FALSE,2
street77,woman,TRUE,2
street80,woman,FALSE,2
street89,man,FALSE,2
street93,woman,FALSE,2
street94,man,TRUE,2
street95,man,TRUE,2
street98,woman,TRUE,2
surf1,man,FALSE,2
surf100,man,TRUE,2
surf11,man,FALSE,2
surf17,woman,FALSE,2
surf25,woman,TRUE,2
surf28,man,FALSE,2
surf32,man,TRUE,2
surf34,woman,TRUE,2
surf40,man,TRUE,2
surf41,woman,TRUE,2
surf42,woman,TRUE,2
surf45,man,TRUE,2
surf55,man,FALSE,2
surf56,man,FALSE,2
surf6,woman,FALSE,2
surf61,woman,TRUE,2
surf67,woman,TRUE,2
surf69,man,TRUE,2
surf76,man,FALSE,2
surf78,man,FALSE,2
surf82,woman,TRUE,2
surf89,man,TRUE,2
surf90,man,TRUE,2
surf94,woman,FALSE,2
surf96,woman,FALSE,2
surf98,man,FALSE,2
swim14,woman,FALSE,2
swim15,man,TRUE,2
swim16,woman,FALSE,2
swim18,man,FALSE,2
swim19,man,TRUE,2
swim22,man,TRUE,2
swim33,man,FALSE,2
swim34,man,TRUE,2
swim51,man,FALSE,2
swim61,woman,TRUE,2
swim66,woman,FALSE,2
swim73,woman,FALSE,2
swim77,woman,TRUE,2
swim82,woman,TRUE,2
swim85,man,TRUE,2
swim92,man,TRUE,2
swim98,man,FALSE,2
tea14,man,TRUE,2
tea26,woman,FALSE,2
tea37,man,TRUE,2
tea38,woman,FALSE,2
tea4,man,TRUE,2
tea46,woman,TRUE,2
tea50,man,FALSE,2
tea51,man,FALSE,2
tea54,woman,FALSE,2
tea64,woman,FALSE,2
tea69,man,FALSE,2
tea7,woman,TRUE,2
tea71,man,TRUE,2
tea77,woman,TRUE,2
tea81,man,TRUE,2
tea88,man,TRUE,2
tea89,woman,FALSE,2
thunder12,man,FALSE,2
thunder15,man,FALSE,2
thunder16,woman,TRUE,2
thunder20,woman,FALSE,2
thunder24,woman,TRUE,2
thunder29,man,TRUE,2
thunder32,woman,FALSE,2
thunder44,woman,TRUE,2
thunder52,woman,TRUE,2
thunder59,woman,TRUE,2
thunder60,woman,FALSE,2
thunder67,woman,FALSE,2
thunder71,man,FALSE,2
thunder76,man,FALSE,2
thunder91,woman,FALSE,2
thunder92,man,FALSE,2
tire1,woman,FALSE,2
tire14,woman,TRUE,2
tire29,woman,TRUE,2
tire3,woman,FALSE,2
tire34,woman,FALSE,2
tire38,man,FALSE,2
tire39,woman,FALSE,2
tire42,man,TRUE,2
tire47,man,FALSE,2
tire50,woman,TRUE,2
tire77,woman,TRUE,2
tire80,woman,TRUE,2
tire87,woman,TRUE,2
tire9,man,TRUE,2
tire91,man,FALSE,2
tire93,man,FALSE,2
tire95,man,FALSE,2
tire97,man,FALSE,2
traffic19,woman,TRUE,2
traffic21,woman,TRUE,2
traffic29,woman,FALSE,2
traffic32,man,TRUE,2
traffic35,woman,TRUE,2
traffic39,man,TRUE,2
traffic50,man,FALSE,2
traffic58,woman,FALSE,2
traffic64,man,TRUE,2
traffic67,man,TRUE,2
traffic70,man,TRUE,2
traffic72,woman,TRUE,2
traffic82,man,FALSE,2
traffic87,woman,FALSE,2
traffic92,man,TRUE,2
tree100,woman,FALSE,2
tree11,woman,TRUE,2
tree15,woman,FALSE,2
tree16,woman,TRUE,2
tree21,woman,FALSE,1
tree26,woman,FALSE,1
tree33,woman,TRUE,1
tree35,man,TRUE,1
tree36,man,TRUE,1
tree39,woman,FALSE,1
tree56,man,TRUE,1
tree57,man,FALSE,1
tree59,woman,FALSE,1
tree60,man,FALSE,1
tree61,man,TRUE,1
tree63,man,FALSE,1
tree64,man,FALSE,1
tree67,man,TRUE,1
tree74,man,TRUE,1
tree75,woman,FALSE,1
tree79,man,FALSE,1
tree80,woman,FALSE,1
tree82,woman,FALSE,1
umbrella20,woman,TRUE,1
umbrella26,woman,FALSE,1
umbrella27,man,FALSE,1
umbrella45,woman,FALSE,1
umbrella46,woman,FALSE,1
umbrella60,woman,FALSE,1
umbrella67,man,TRUE,1
umbrella72,man,FALSE,1
umbrella73,woman,TRUE,1
umbrella76,woman,FALSE,1
umbrella80,man,FALSE,1
umbrella83,man,TRUE,1
umbrella91,woman,TRUE,1
umbrella92,man,TRUE,1
umbrella97,man,TRUE,1
wake11,woman,FALSE,1
wake18,man,FALSE,1
wake23,man,TRUE,1
wake3,woman,FALSE,1
wake32,woman,TRUE,1
wake36,man,TRUE,1
wake37,woman,TRUE,1
wake43,woman,FALSE,1
wake49,man,TRUE,1
wake53,man,FALSE,1
wake55,woman,TRUE,1
wake56,man,FALSE,1
wake59,woman,FALSE,1
wake65,woman,TRUE,1
wake68,woman,FALSE,1
wake73,woman,FALSE,1
wake74,man,TRUE,1
wake75,woman,TRUE,1
wake84,man,FALSE,1
wake87,man,TRUE,1
wake88,man,TRUE,1
wake92,woman,TRUE,1
wake99,woman,TRUE,1
walk16,woman,TRUE,1
walk23,woman,TRUE,1
walk29,woman,TRUE,1
walk36,woman,TRUE,1
walk39,woman,TRUE,1
walk46,woman,FALSE,1
walk5,woman,FALSE,1
walk67,man,TRUE,1
walk70,woman,TRUE,1
walk72,woman,FALSE,1
walk86,man,TRUE,1
walk87,man,TRUE,1
walk91,woman,FALSE,1
walk92,man,TRUE,1
waves15,woman,TRUE,1
waves19,man,TRUE,1
waves3,woman,TRUE,1
waves34,woman,FALSE,1
waves4,man,FALSE,1
waves51,man,FALSE,1
waves6,woman,TRUE,1
waves67,woman,TRUE,1
waves74,woman,FALSE,1
waves75,woman,TRUE,1
waves76,man,TRUE,1
waves8,woman,FALSE,1
waves80,woman,FALSE,1
waves81,man,FALSE,1
waves82,man,TRUE,1
waves93,woman,FALSE,1
waves97,man,TRUE,1
west19,man,FALSE,1
west21,man,FALSE,1
west23,man,FALSE,1
west26,woman,TRUE,1
west3,woman,TRUE,1
west34,man,FALSE,1
west35,man,FALSE,1
west39,man,TRUE,1
west4,woman,FALSE,1
west41,man,FALSE,1
west43,woman,FALSE,1
west45,man,FALSE,1
west46,woman,TRUE,1
west48,woman,FALSE,1
west69,man,FALSE,1
west70,man,FALSE,1
west8,woman,FALSE,1
west86,woman,TRUE,1
west9,woman,FALSE,1
west95,woman,FALSE,1
west96,man,TRUE,1
west99,man,TRUE,1
wind12,woman,FALSE,1
wind2,woman,TRUE,1
wind21,woman,TRUE,1
wind27,man,FALSE,1
wind28,man,TRUE,1
wind33,woman,TRUE,1
wind37,man,FALSE,1
wind42,man,TRUE,1
wind47,man,FALSE,1
wind53,woman,FALSE,1
wind55,man,FALSE,1
wind62,man,TRUE,1
wind65,man,FALSE,1
wind68,woman,TRUE,1
wind7,woman,TRUE,1
wind80,man,FALSE,1
wind90,man,TRUE,1
wind96,man,TRUE,1
yellow100,woman,FALSE,1
yellow12,man,TRUE,1
yellow21,woman,FALSE,1
yellow23,man,FALSE,1
yellow24,woman,FALSE,1
yellow25,woman,FALSE,1
yellow31,woman,FALSE,1
yellow32,man,FALSE,1
yellow33,man,FALSE,1
yellow35,woman,TRUE,1
yellow42,man,FALSE,1
yellow46,man,TRUE,1
yellow57,woman,TRUE,1
yellow64,man,FALSE,1
yellow66,man,TRUE,1
yellow67,man,TRUE,1
yellow70,woman,FALSE,1
yellow75,woman,FALSE,1
yellow79,man,FALSE,1
yellow85,woman,FALSE,1
yellow88,man,FALSE,1
tree21,woman,TRUE,2
tree26,woman,TRUE,2
tree33,woman,FALSE,2
tree35,man,FALSE,2
tree36,man,FALSE,2
tree39,woman,TRUE,2
tree56,man,FALSE,2
tree57,man,TRUE,2
tree59,woman,TRUE,2
tree60,man,TRUE,2
tree61,man,FALSE,2
tree63,man,TRUE,2
tree64,man,TRUE,2
tree67,man,FALSE,2
tree74,man,FALSE,2
tree75,woman,TRUE,2
tree79,man,TRUE,2
tree80,woman,TRUE,2
tree82,woman,TRUE,2
umbrella20,woman,FALSE,2
umbrella26,woman,TRUE,2
umbrella27,man,TRUE,2
umbrella45,woman,TRUE,2
umbrella46,woman,TRUE,2
umbrella60,woman,TRUE,2
umbrella67,man,FALSE,2
umbrella72,man,TRUE,2
umbrella73,woman,FALSE,2
umbrella76,woman,TRUE,2
umbrella80,man,TRUE,2
umbrella83,man,FALSE,2
umbrella91,woman,FALSE,2
umbrella92,man,FALSE,2
umbrella97,man,FALSE,2
wake11,woman,TRUE,2
wake18,man,TRUE,2
wake23,man,FALSE,2
wake3,woman,TRUE,2
wake32,woman,FALSE,2
wake36,man,FALSE,2
wake37,woman,FALSE,2
wake43,woman,TRUE,2
wake49,man,FALSE,2
wake53,man,TRUE,2
wake55,woman,FALSE,2
wake56,man,TRUE,2
wake59,woman,TRUE,2
wake65,woman,FALSE,2
wake68,woman,TRUE,2
wake73,woman,TRUE,2
wake74,man,FALSE,2
wake75,woman,FALSE,2
wake84,man,TRUE,2
wake87,man,FALSE,2
wake88,man,FALSE,2
wake92,woman,FALSE,2
wake99,woman,FALSE,2
walk16,woman,FALSE,2
walk23,woman,FALSE,2
walk29,woman,FALSE,2
walk36,woman,FALSE,2
walk39,woman,FALSE,2
walk46,woman,TRUE,2
walk5,woman,TRUE,2
walk67,man,FALSE,2
walk70,woman,FALSE,2
walk72,woman,TRUE,2
walk86,man,FALSE,2
walk87,man,FALSE,2
walk91,woman,TRUE,2
walk92,man,FALSE,2
waves15,woman,FALSE,2
waves19,man,FALSE,2
waves3,woman,FALSE,2
waves34,woman,TRUE,2
waves4,man,TRUE,2
waves51,man,TRUE,2
waves6,woman,FALSE,2
waves67,woman,FALSE,2
waves74,woman,TRUE,2
waves75,woman,FALSE,2
waves76,man,FALSE,2
waves8,woman,TRUE,2
waves80,woman,TRUE,2
waves82,man,FALSE,2
waves93,woman,TRUE,2
waves97,man,FALSE,2
west19,man,TRUE,2
west21,man,TRUE,2
west23,man,TRUE,2
west26,woman,FALSE,2
west3,woman,FALSE,2
west34,man,TRUE,2
west35,man,TRUE,2
west39,man,FALSE,2
west4,woman,TRUE,2
west41,man,TRUE,2
west43,woman,TRUE,2
west45,man,TRUE,2
west46,woman,FALSE,2
west48,woman,TRUE,2
west69,man,TRUE,2
west70,man,TRUE,2
west86,woman,FALSE,2
west9,woman,TRUE,2
west95,woman,TRUE,2
west96,man,FALSE,2
west99,man,FALSE,2
wind12,woman,TRUE,2
wind2,woman,FALSE,2
wind21,woman,FALSE,2
wind27,man,TRUE,2
wind28,man,FALSE,2
wind33,woman,FALSE,2
wind37,man,TRUE,2
wind42,man,FALSE,2
wind47,man,TRUE,2
wind53,woman,TRUE,2
wind55,man,TRUE,2
wind62,man,FALSE,2
wind65,man,TRUE,2
wind68,woman,FALSE,2
wind7,woman,FALSE,2
wind80,man,TRUE,2
wind90,man,FALSE,2
wind96,man,FALSE,2
yellow100,woman,TRUE,2
yellow12,man,FALSE,2
yellow21,woman,TRUE,2
yellow23,man,TRUE,2
yellow24,woman,TRUE,2
yellow25,woman,TRUE,2
yellow31,woman,TRUE,2
yellow32,man,TRUE,2
yellow33,man,TRUE,2
yellow35,woman,FALSE,2
yellow42,man,TRUE,2
yellow46,man,FALSE,2
yellow57,woman,FALSE,2
yellow64,man,TRUE,2
yellow66,man,FALSE,2
yellow67,man,FALSE,2
yellow70,woman,TRUE,2
yellow75,woman,TRUE,2
yellow79,man,TRUE,2
yellow85,woman,TRUE,2
yellow88,man,TRUE,2
